id,customerId,username
1,1,Emma
2,2,Olivia
3,3,Noah
4,4,Liam
5,5,Sophia
6,6,Mason
7,7,Ava
8,8,Jacob
9,9,William
10,10,Isabella
11,11,Ethan
12,12,Mia
13,13,James
14,14,Alexander
15,15,Michael
16,16,Benjamin
17,17,Elijah
18,18,Daniel
19,19,Aiden
20,20,Logan
21,21,Matthew
22,22,Abigail
23,23,Lucas
24,24,Jackson
25,25,Emily
26,26,David
27,27,Oliver
28,28,Jayden
29,29,Joseph
30,30,Charlotte
31,31,Gabriel
32,32,Samuel
33,33,Carter
34,34,Anthony
35,35,John
36,36,Harper
37,37,Dylan
38,38,Luke
39,39,Henry
40,40,Madison
41,41,Andrew
42,42,Isaac
43,43,Amelia
44,44,Christopher
45,45,Joshua
46,46,Elizabeth
47,47,Sofia
48,48,Wyatt
49,49,Sebastian
50,50,Owen
51,51,Evelyn
52,52,Avery
53,53,Caleb
54,54,Nathan
55,55,Ryan
56,56,Jack
57,57,Hunter
58,58,Levi
59,59,Christian
60,60,Jaxon
61,61,Julian
62,62,Landon
63,63,Chloe
64,64,Ella
66,66,Grace
67,67,Jonathan
68,68,Victoria
69,69,Isaiah
70,70,Aubrey
71,71,Charles
72,72,Thomas
73,73,Aaron
74,74,Scarlett
75,75,Eli
76,76,Zoey
77,77,Connor
78,78,Jeremiah
79,79,Cameron
80,80,Addison
81,81,Lily
82,82,Josiah
83,83,Lillian
84,84,Adrian
85,85,Natalie
86,86,Hannah
87,87,Aria
88,88,Layla
89,89,Colton
90,90,Brooklyn
91,91,Jordan
92,92,Brayden
93,93,Nicholas
94,94,Robert
95,95,Angel
96,96,Alexa
97,97,Hudson
98,98,Zoe
99,99,Lincoln
100,100,Penelope
101,101,Evan
102,102,Dominic
103,103,Austin
104,104,Gavin
105,105,Nolan
106,106,Riley
107,107,Leah
108,108,Audrey
109,109,Savannah
110,110,Parker
111,111,Adam
112,112,Chase
113,113,Allison
114,114,Jace
115,115,Samantha
116,116,Nora
117,117,Ian
118,118,Skylar
119,119,Camila
120,120,Cooper
121,121,Easton
122,122,Kevin
123,123,Jose
124,124,Tyler
125,125,Anna
126,126,Brandon
127,127,Asher
128,128,Paisley
129,129,Jaxson
130,130,Mateo
131,131,Jason
132,132,Ariana
133,133,Ayden
134,134,Ellie
135,135,Aaliyah
136,136,Zachary
137,137,Claire
138,138,Violet
139,139,Stella
140,140,Sadie
141,141,Carson
142,142,Mila
143,143,Xavier
144,144,Gabriella
145,145,Leo
146,146,Lucy
147,147,Arianna
148,148,Kennedy
149,149,Sarah
150,150,Madelyn
151,151,Eleanor
152,152,Kaylee
153,153,Caroline
154,154,Ezra
155,155,Bentley
156,156,Hazel
157,157,Sawyer
158,158,Hailey
159,159,Kayden
160,160,Blake
161,161,Nathaniel
162,162,Genesis
163,163,Kylie
164,164,Ryder
165,165,Theodore
166,166,Autumn
167,167,Piper
168,168,Maya
169,169,Elias
170,170,Nevaeh
171,171,Serenity
172,172,Peyton
173,173,Tristan
174,174,Roman
175,175,Mackenzie
176,176,Leonardo
177,177,Bella
178,178,Camden
179,179,Eva
180,180,Taylor
181,181,Naomi
182,182,Brody
183,183,Luis
184,184,Miles
185,185,Micah
186,186,Vincent
187,187,Justin
188,188,Aubree
189,189,Aurora
190,190,Greyson
191,191,Declan
192,192,Maxwell
193,193,Juan
194,194,Melanie
195,195,Cole
196,196,Lydia
197,197,Damian
198,198,Brianna
199,199,Ruby
200,200,Katherine
201,201,Ashley
202,202,Carlos
203,203,Max
204,204,Alexis
205,205,Alice
206,206,Cora
207,207,Julia
208,208,Harrison
209,209,Madeline
210,210,Weston
211,211,Faith
212,212,Brantley
213,213,Braxton
214,214,Annabelle
215,215,Alyssa
216,216,Axel
217,217,Diego
218,218,Abel
219,219,Wesley
220,220,Santiago
221,221,Isabelle
222,222,Vivian
223,223,Jesus
224,224,Gianna
225,225,Silas
226,226,Giovanni
227,227,Bryce
228,228,Jayce
229,229,Bryson
230,230,Alex
231,231,Quinn
232,232,Clara
233,233,Reagan
234,234,Everett
235,235,George
236,236,Eric
237,237,Ivan
238,238,Emmett
239,239,Kaiden
240,240,Ashton
241,241,Khloe
242,242,Alexandra
243,243,Hadley
244,244,Eliana
245,245,Kingston
246,246,Sophie
247,247,London
248,248,Jonah
249,249,Elena
250,250,Jameson
251,251,Kimberly
252,252,Kai
253,253,Bailey
254,254,Maria
255,255,Luna
256,256,Willow
257,257,Jasmine
258,258,Maddox
259,259,Timothy
260,260,Kinsley
261,261,Ezekiel
262,262,Valentina
263,263,Ryker
264,264,Emmanuel
265,265,Kayla
266,266,Hayden
267,267,Antonio
268,268,Delilah
269,269,Andrea
270,270,Bennett
271,271,Steven
272,272,Natalia
273,273,Lauren
274,274,Morgan
275,275,Rylee
276,276,Richard
277,277,Sydney
278,278,Jude
279,279,Adalynn
280,280,Mary
281,281,Luca
282,282,Ximena
283,283,Edward
284,284,Joel
285,285,Victor
286,286,Miguel
287,287,Jade
288,288,Liliana
289,289,Malachi
290,290,King
291,291,Patrick
292,292,Brielle
293,293,Kaleb
294,294,Ivy
295,295,Trinity
296,296,Bryan
297,297,Josephine
298,298,Alan
299,299,Adalyn
300,300,Jocelyn
301,301,Marcus
302,302,Preston
303,303,Abraham
304,304,Calvin
305,305,Colin
306,306,Emery
307,307,Adeline
308,308,Bradley
309,309,Jeremy
310,310,Kyle
311,311,Graham
312,312,Jordyn
313,313,Grant
314,314,Ariel
315,315,Jesse
316,316,Kaden
317,317,Everly
318,318,Alejandro
319,319,Lilly
320,320,Oscar
321,321,Paige
322,322,Jase
323,323,Karter
324,324,Isla
325,325,Lyla
326,326,Maverick
327,327,Aidan
328,328,Makayla
329,329,Molly
330,330,Tucker
331,331,Emilia
332,332,Avery
333,333,Amir
334,334,Brian
335,335,Mya
336,336,Kendall
337,337,Iker
338,338,Melody
339,339,Matteo
340,340,Isabel
341,341,Brooke
342,342,Caden
343,343,Zayden
344,344,Mckenzie
345,345,Nicole
346,346,Payton
347,347,Margaret
348,348,Mariah
349,349,Riley
350,350,August
351,351,Eden
352,352,Mark
353,353,Maximus
354,354,Athena
355,355,Amy
356,356,Norah
357,357,Brady
358,358,Kenneth
359,359,Paul
360,360,Londyn
361,361,Jaden
362,362,Nicolas
363,363,Valeria
364,364,Beau
365,365,Sara
366,366,Aliyah
367,367,Angelina
368,368,Gracie
369,369,Dean
370,370,Rose
371,371,Jake
372,372,Peter
373,373,Xander
374,374,Rachel
375,375,Juliana
376,376,Elliot
377,377,Laila
378,378,Finn
379,379,Brooklynn
380,380,Valerie
381,381,Derek
382,382,Sean
383,383,Cayden
384,384,Elliott
385,385,Alina
386,386,Jax
387,387,Reese
388,388,Jasper
389,389,Elise
390,390,Lorenzo
392,392,Eliza
393,393,Beckett
394,394,Alaina
395,395,Rowan
396,396,Raelynn
397,397,Leilani
398,398,Catherine
399,399,Emerson
400,400,Gael
401,401,Cecilia
402,402,Corbin
403,403,Genevieve
404,404,Daisy
405,405,Waylon
406,406,Harmony
407,407,Myles
408,408,Vanessa
409,409,Adriana
410,410,Presley
411,411,Rebecca
412,412,Destiny
413,413,Hayden
414,414,Tanner
415,415,Jorge
416,416,Julianna
417,417,Michelle
418,418,Javier
419,419,Zion
420,420,Adelyn
421,421,Arabella
422,422,Summer
423,423,Andres
424,424,Callie
425,425,Charlie
426,426,Paxton
427,427,Emiliano
428,428,Kaitlyn
429,429,Brooks
430,430,Zane
431,431,Ryleigh
432,432,Lila
433,433,Daniela
434,434,Arya
435,435,Simon
436,436,Judah
437,437,Alana
438,438,Esther
439,439,Griffin
440,440,Finley
441,441,Gabrielle
442,442,Cody
443,443,Gunner
444,444,Jessica
445,445,Dawson
446,446,Israel
447,447,Charlie
448,448,Stephanie
449,449,Tessa
450,450,Rylan
451,451,Makenzie
452,452,Ana
453,453,Amaya
454,454,Alexandria
455,455,Gage
456,456,Alivia
457,457,Nova
458,458,Messiah
459,459,River
460,460,Kameron
461,461,Anastasia
462,462,Iris
463,463,Marley
464,464,Fiona
465,465,Angela
466,466,Giselle
467,467,Stephen
468,468,Francisco
469,469,Kate
470,470,Clayton
471,471,Zander
472,472,Alayna
473,473,Chance
474,474,Lola
475,475,Lucia
476,476,Eduardo
477,477,Juliette
478,478,Parker
479,479,Teagan
480,480,Sienna
481,481,Spencer
482,482,Lukas
483,483,Georgia
484,484,Hope
485,485,Cali
486,486,Vivienne
487,487,Damien
488,488,Dallas
489,489,Izabella
490,490,Kinley
491,491,Conner
492,492,Travis
493,493,Daleyza
494,494,Kylee
495,495,Knox
496,496,Jayla
497,497,Raymond
498,498,Katelyn
499,499,Peyton
500,500,Devin
501,501,Felix
502,502,Jayceon
503,503,Collin
504,504,Amari
505,505,Erick
506,506,Cash
507,507,Juliet
508,508,Jaiden
509,509,Fernando
510,510,Cristian
511,511,Josue
512,512,Keegan
513,513,Garrett
514,514,Rhett
515,515,Ricardo
516,516,Martin
517,517,Reid
518,518,Seth
519,519,Maggie
520,520,Dakota
521,521,Delaney
522,522,Brynlee
523,523,Andre
524,524,Keira
525,525,Camille
526,526,Cesar
527,527,Titus
528,528,Leila
529,529,Mckenna
530,530,Aniyah
531,531,Donovan
532,532,Manuel
533,533,Mario
534,534,Caiden
535,535,Adriel
536,536,Kyler
537,537,Noelle
538,538,Josie
539,539,Jennifer
540,540,Melissa
541,541,Milo
542,542,Archer
543,543,Gabriela
544,544,Allie
545,545,Eloise
546,546,Jeffrey
547,547,Holden
548,548,Arthur
549,549,Cassidy
550,550,Jacqueline
551,551,Brynn
552,552,Karson
553,553,Sawyer
554,554,Rafael
555,555,Evangeline
556,556,Jordan
557,557,Paris
558,558,Shane
559,559,Lane
560,560,Louis
561,561,Angelo
562,562,Olive
563,563,Ayla
564,564,Remington
565,565,Troy
566,566,Emerson
567,567,Maximiliano
568,568,Hector
569,569,Rosalie
570,570,Emilio
571,571,Kali
572,572,Anderson
573,573,Trevor
574,574,Maci
575,575,Gemma
576,576,Lilliana
577,577,Raegan
578,578,Lena
579,579,Adelaide
580,580,Phoenix
581,581,Walter
582,582,Journey
583,583,Johnathan
584,584,Johnny
585,585,Adelynn
586,586,Edwin
587,587,Julius
588,588,Alessandra
589,589,Kenzie
590,590,Barrett
591,591,Miranda
592,592,Leon
593,593,Haley
594,594,June
595,595,Harley
596,596,Charlee
597,597,Tyson
598,598,Lucille
599,599,Talia
600,600,Skyler
601,601,Makenna
602,602,Phoebe
603,603,Tobias
604,604,Edgar
605,605,Jane
606,606,Lyric
607,607,Angel
608,608,Dominick
609,609,Elaina
610,610,Adrianna
611,611,Ruth
612,612,Marshall
613,613,Miriam
614,614,Diana
615,615,Mariana
616,616,Danielle
617,617,Marco
618,618,Jenna
619,619,Joaquin
620,620,Shelby
621,621,Nina
622,622,Dante
623,623,Madeleine
624,624,Andy
625,625,Elliana
626,626,Cruz
627,627,Ali
628,628,Amina
629,629,Amiyah
630,630,Finley
631,631,Chelsea
632,632,Joanna
633,633,Jada
634,634,Lexi
635,635,Katie
636,636,Dalton
637,637,Maddison
638,638,Gideon
639,639,Reed
640,640,Fatima
641,641,Vera
642,642,Enzo
643,643,Sergio
644,644,Jett
645,645,Thiago
646,646,Kyrie
647,647,Ronan
648,648,Malia
649,649,Lilah
650,650,Madilyn
651,651,Cohen
652,652,Amanda
653,653,Daniella
654,654,Colt
655,655,Erik
656,656,Alexia
657,657,Kathryn
658,658,Paislee
659,659,Selena
660,660,Trenton
661,661,Jared
662,662,Laura
663,663,Walker
664,664,Annie
665,665,Landen
666,666,Nyla
667,667,Catalina
668,668,Kayleigh
669,669,Sloane
670,670,Kamila
671,671,Alexis
672,672,Nash
673,673,Jaylen
674,674,Lia
675,675,Haven
676,676,Rowan
677,677,Ashlyn
678,678,Gregory
679,679,Emanuel
680,680,Christina
681,681,Amber
682,682,Killian
683,683,Myla
684,684,Addilyn
685,685,Erin
686,686,Allen
687,687,Alison
688,688,Ainsley
689,689,Raelyn
690,690,Atticus
691,691,Cadence
692,692,Kendra
693,693,Desmond
694,694,Shawn
695,695,Heidi
696,696,Grady
697,697,Kelsey
698,698,Nadia
699,699,Alondra
700,700,Cheyenne
701,701,Kaydence
702,702,Mikayla
703,703,River
704,704,Quinn
705,705,Frank
706,706,Fabian
707,707,Heaven
708,708,Dakota
709,709,Arielle
710,710,Roberto
711,711,Lana
712,712,Blakely
713,713,Sabrina
714,714,Kyla
715,715,Beckham
716,716,Ada
717,717,Gracelyn
718,718,Major
719,719,Allyson
720,720,Felicity
721,721,Kira
722,722,Briella
723,723,Kamryn
724,724,Skyler
725,725,Adaline
726,726,Alicia
727,727,Nehemiah
728,728,Ember
729,729,Aylin
730,730,Drew
731,731,Veronica
732,732,Cade
733,733,Muhammad
734,734,Esmeralda
735,735,Sage
736,736,Leslie
737,737,Aspen
738,738,Gia
739,739,Kendrick
740,740,Camilla
741,741,Pedro
742,742,Ashlynn
743,743,Scarlet
744,744,Orion
745,745,Aden
746,746,Kamden
747,747,Journee
748,748,Ruben
749,749,Zaiden
750,750,Daphne
751,751,Clark
752,752,Noel
753,753,Bianca
754,754,Mckinley
755,755,Porter
756,756,Amira
757,757,Solomon
758,758,Romeo
759,759,Rory
760,760,Carmen
761,761,Kyleigh
762,762,Malik
763,763,Megan
764,764,Daxton
765,765,Skye
766,766,Leland
767,767,Elsie
768,768,Kennedi
769,769,Averie
770,770,Carly
771,771,Rylie
772,772,Kash
773,773,Gracelynn
774,774,Mallory
775,775,Abram
776,776,Emersyn
777,777,Logan
778,778,Derrick
779,779,Camryn
780,780,Kade
781,781,Gunnar
782,782,Prince
783,783,Annabella
784,784,Brendan
785,785,Leonel
786,786,Kason
787,787,Dylan
788,788,Elle
789,789,Kiara
790,790,Braylon
791,791,Yaretzi
792,792,Ariella
793,793,Legend
794,794,Zara
795,795,Pablo
796,796,April
797,797,Jay
798,798,Gwendolyn
799,799,Anaya
800,800,Baylee
801,801,Brinley
802,802,Adan
803,803,Jensen
804,804,Sierra
805,805,Annalise
806,806,Tatum
807,807,Serena
808,808,Esteban
809,809,Dahlia
810,810,Kellan
811,811,Macy
812,812,Drake
813,813,Warren
814,814,Miracle
815,815,Ismael
816,816,Madelynn
817,817,Briana
818,818,Ari
819,819,Freya
820,820,Russell
821,821,Macie
822,822,Bruce
823,823,Finnegan
824,824,Marcos
825,825,Jayson
826,826,Theo
827,827,Helen
828,828,Bethany
829,829,Leia
830,830,Jaxton
831,831,Phillip
832,832,Harlow
833,833,Dexter
834,834,Braylen
835,835,Armando
836,836,Blake
837,837,Jayleen
838,838,Braden
839,839,Angelica
840,840,Corey
841,841,Marilyn
842,842,Kolton
843,843,Viviana
844,844,Gerardo
845,845,Francesca
846,846,Ace
847,847,Juniper
848,848,Ellis
849,849,Malcolm
850,850,Tate
851,851,Carolina
852,852,Jazmin
853,853,Emely
854,854,Zachariah
855,855,Maliyah
856,856,Chandler
857,857,Cataleya
858,858,Milan
859,859,Keith
860,860,Jillian
861,861,Joy
862,862,Abby
863,863,Malaysia
864,864,Nylah
865,865,Sarai
866,866,Evelynn
867,867,Danny
868,868,Nia
869,869,Damon
870,870,Zuri
871,871,Enrique
872,872,Jonas
873,873,Addyson
874,874,Kane
875,875,Aleah
876,876,Princeton
877,877,Hugo
878,878,Kaia
879,879,Ronald
880,880,Bristol
881,881,Philip
882,882,Lorelei
883,883,Jazmine
884,884,Maeve
885,885,Ibrahim
886,886,Alejandra
887,887,Justice
888,888,Kayson
889,889,Maximilian
890,890,Lawson
891,891,Harvey
892,892,Julie
893,893,Marlee
894,894,Phoenix
895,895,Jimena
896,896,Albert
897,897,Donald
898,898,Emmalyn
899,899,Nayeli
900,900,Raul
901,901,Aleena
902,902,Brittany
903,903,Franklin
904,904,Hendrix
905,905,Odin
906,906,Amara
907,907,Karina
908,908,Giuliana
909,909,Thea
910,910,Brennan
911,911,Jamison
912,912,Braelynn
913,913,Kassidy
914,914,Braelyn
915,915,Luciana
916,916,Aubrie
917,917,Janelle
918,918,Dillon
919,919,Madisyn
920,920,Brylee
921,921,Leighton
922,922,Ryan
923,923,Brock
924,924,Amari
925,925,Eve
926,926,Millie
927,927,Landyn
928,928,Mohamed
929,929,Kelly
930,930,Selah
931,931,Lacey
932,932,Willa
933,933,Brycen
934,934,Haylee
935,935,Deacon
936,936,Jaylah
937,937,Colby
938,938,Alec
939,939,Julio
940,940,Scott
941,941,Matias
942,942,Sullivan
943,943,Sylvia
944,944,Melany
945,945,Rodrigo
946,946,Elisa
947,947,Elsa
948,948,Cason
949,949,Taylor
950,950,Hattie
951,951,Raven
952,952,Rocco
953,953,Holly
954,954,Aisha
955,955,Nico
956,956,Itzel
957,957,Kyra
958,958,Tiffany
959,959,Royal
960,960,Pierce
961,961,Augustus
962,962,Jayda
963,963,Michaela
964,964,Madilynn
965,965,Jamie
966,966,Celeste
967,967,Raiden
968,968,Lilian
969,969,Remi
970,970,Kasen
971,971,Benson
972,972,Moses
973,973,Priscilla
974,974,Cyrus
975,975,Raylan
976,976,Jazlyn
977,977,Karen
978,978,Savanna
979,979,Davis
980,980,Khalil
981,981,Moises
982,982,Zariah
983,983,Conor
984,984,Nikolai
985,985,Lauryn
986,986,Alijah
987,987,Mathew
988,988,Keaton
989,989,Alanna
990,990,Kara
991,991,Francis
992,992,Karla
993,993,Quentin
994,994,Ty
995,995,Cassandra
996,996,Ariah
997,997,Evie
998,998,Frances
999,999,Jaime
1000,1000,Aileen
1001,1001,Lennon
1002,1002,Charley
1003,1003,Rosemary
1004,1004,Danna
1005,1005,Regina
1006,1006,Ronin
1007,1007,Kian
1008,1008,Kaelyn
1009,1009,Lennox
1010,1010,Virginia
1011,1011,Malakai
1012,1012,Hanna
1013,1013,Atlas
1014,1014,Rebekah
1015,1015,Jerry
1016,1016,Alani
1017,1017,Edith
1018,1018,Liana
1019,1019,Ryland
1020,1020,Charleigh
1021,1021,Gloria
1022,1022,Ahmed
1023,1023,Saul
1024,1024,Sterling
1025,1025,Cameron
1026,1026,Colette
1027,1027,Kailey
1028,1028,Dennis
1029,1029,Lawrence
1030,1030,Carter
1031,1031,Helena
1032,1032,Matilda
1033,1033,Zayne
1034,1034,Imani
1035,1035,Bodhi
1036,1036,Bridget
1037,1037,Cynthia
1038,1038,Janiyah
1039,1039,Marissa
1040,1040,Arjun
1041,1041,Darius
1042,1042,Johanna
1043,1043,Sasha
1044,1044,Arlo
1045,1045,Eden
1046,1046,Tony
1047,1047,Kaliyah
1048,1048,Dustin
1049,1049,Cecelia
1050,1050,Kellen
1051,1051,Adelina
1052,1052,Jessa
1053,1053,Hayley
1054,1054,Julissa
1055,1055,Winter
1056,1056,Chris
1057,1057,Mohammed
1058,1058,Nasir
1059,1059,Omari
1060,1060,Crystal
1061,1061,Kaylie
1062,1062,Bailee
1063,1063,Kieran
1064,1064,Nixon
1065,1065,Rhys
1066,1066,Charli
1067,1067,Henley
1068,1068,Anya
1069,1069,Maia
1070,1070,Skyla
1071,1071,Armani
1072,1072,Arturo
1073,1073,Liberty
1074,1074,Bowen
1075,1075,Frederick
1076,1076,Callen
1077,1077,Leonidas
1078,1078,Remy
1079,1079,Fernanda
1080,1080,Wade
1081,1081,Monica
1082,1082,Braylee
1083,1083,Dallas
1084,1084,Mariam
1085,1085,Luka
1086,1086,Marie
1087,1087,Jakob
1088,1088,Winston
1089,1089,Justice
1090,1090,Beatrice
1091,1091,Hallie
1092,1092,Alonzo
1093,1093,Curtis
1094,1094,Maryam
1095,1095,Aarav
1096,1096,Gustavo
1097,1097,Angelique
1098,1098,Anne
1099,1099,Madalyn
1100,1100,Alayah
1101,1101,Annika
1102,1102,Greta
1103,1103,Royce
1104,1104,Asa
1105,1105,Gannon
1106,1106,Kyson
1107,1107,Lilyana
1108,1108,Hank
1109,1109,Izaiah
1110,1110,Roy
1111,1111,Kadence
1112,1112,Raphael
1113,1113,Luciano
1114,1114,Coraline
1115,1115,Lainey
1116,1116,Mabel
1117,1117,Hayes
1118,1118,Lillie
1119,1119,Case
1120,1120,Darren
1121,1121,Mohammad
1122,1122,Otto
1123,1123,Anika
1124,1124,Layton
1125,1125,Azalea
1126,1126,Isaias
1127,1127,Dayana
1128,1128,Alberto
1129,1129,Jamari
1130,1130,Colten
1131,1131,Dax
1132,1132,Marvin
1133,1133,Jaliyah
1134,1134,Casey
1135,1135,Moshe
1136,1136,Addisyn
1137,1137,Johan
1138,1138,Sam
1139,1139,Matthias
1140,1140,Emilee
1141,1141,Mira
1142,1142,Larry
1143,1143,Trey
1144,1144,Angie
1145,1145,Lilith
1146,1146,Mae
1147,1147,Devon
1148,1148,Trent
1149,1149,Meredith
1150,1150,Mauricio
1151,1151,Guadalupe
1152,1152,Emelia
1153,1153,Margot
1154,1154,Mathias
1155,1155,Melina
1156,1156,Issac
1157,1157,Dorian
1158,1158,Aniya
1159,1159,Gianni
1160,1160,Alena
1161,1161,Ahmad
1162,1162,Myra
1163,1163,Nikolas
1164,1164,Oakley
1165,1165,Elianna
1166,1166,Caitlyn
1167,1167,Uriel
1168,1168,Jaelynn
1169,1169,Lewis
1170,1170,Randy
1171,1171,Cullen
1172,1172,Braydon
1173,1173,Ezequiel
1174,1174,Jaelyn
1175,1175,Reece
1176,1176,Jimmy
1177,1177,Demi
1178,1178,Crosby
1179,1179,Mikaela
1180,1180,Tiana
1181,1181,Blair
1182,1182,Shiloh
1183,1183,Soren
1184,1184,Ariyah
1185,1185,Saylor
1186,1186,Uriah
1187,1187,Roger
1188,1188,Nathanael
1189,1189,Caitlin
1190,1190,Emmitt
1191,1191,Gary
1192,1192,Rayan
1193,1193,Ricky
1194,1194,Lindsey
1195,1195,Oakley
1196,1196,Mitchell
1197,1197,Alia
1198,1198,Everleigh
1199,1199,Roland
1200,1200,Alfredo
1201,1201,Cannon
1202,1202,Jalen
1203,1203,Ivanna
1204,1204,Miah
1205,1205,Emmy
1206,1206,Jessie
1207,1207,Tatum
1208,1208,Kobe
1209,1209,Yusuf
1210,1210,Anahi
1211,1211,Kaylin
1212,1212,Ansley
1213,1213,Quinton
1214,1214,Annabel
1215,1215,Remington
1216,1216,Korbin
1217,1217,Kora
1218,1218,Maisie
1219,1219,Brayan
1220,1220,Joe
1221,1221,Nathalie
1222,1222,Byron
1223,1223,Ariel
1224,1224,Quincy
1225,1225,Emory
1226,1226,Carl
1227,1227,Karsyn
1228,1228,Pearl
1229,1229,Kristopher
1230,1230,Irene
1231,1231,Alvin
1232,1232,Duke
1233,1233,Lance
1234,1234,Kimber
1235,1235,Rosa
1236,1236,Lylah
1237,1237,Magnolia
1238,1238,London
1239,1239,Samara
1240,1240,Jasiah
1241,1241,Elliot
1242,1242,Renata
1243,1243,Boston
1244,1244,Galilea
1245,1245,Kensley
1246,1246,Kiera
1247,1247,Whitney
1248,1248,Santino
1249,1249,Amelie
1250,1250,Siena
1251,1251,Bria
1252,1252,Laney
1253,1253,Perla
1254,1254,Lennon
1255,1255,Tatiana
1256,1256,Zelda
1257,1257,Deandre
1258,1258,Jaycee
1259,1259,Kori
1260,1260,Montserrat
1261,1261,Lorelai
1262,1262,Madden
1263,1263,Talon
1264,1264,Adele
1265,1265,Elyse
1266,1266,Katelynn
1267,1267,Kynlee
1268,1268,Sylas
1269,1269,Marina
1270,1270,Orlando
1271,1271,Jayden
1272,1272,Kailyn
1273,1273,Hamza
1274,1274,Avah
1275,1275,Kenley
1276,1276,Bo
1277,1277,Aldo
1278,1278,Douglas
1279,1279,Tristen
1280,1280,Wilson
1281,1281,Aviana
1282,1282,Maurice
1283,1283,Armani
1284,1284,Dulce
1285,1285,Samson
1286,1286,Alaia
1287,1287,Cayson
1288,1288,Teresa
1289,1289,Natasha
1290,1290,Bryant
1291,1291,Conrad
1292,1292,Milani
1293,1293,Amirah
1294,1294,Breanna
1295,1295,Linda
1296,1296,Tenley
1297,1297,Dane
1298,1298,Julien
1299,1299,Sincere
1300,1300,Sutton
1301,1301,Noe
1302,1302,Elaine
1303,1303,Elliott
1304,1304,Salvador
1305,1305,Aliza
1306,1306,Nelson
1307,1307,Kenna
1308,1308,Meadow
1309,1309,Alyson
1310,1310,Edison
1311,1311,Ramon
1312,1312,Rory
1313,1313,Lucian
1314,1314,Mekhi
1315,1315,Niko
1316,1316,Milana
1317,1317,Ayaan
1318,1318,Erica
1319,1319,Esme
1320,1320,Leona
1321,1321,Vihaan
1322,1322,Joselyn
1323,1323,Neil
1324,1324,Madalynn
1325,1325,Titan
1326,1326,Alma
1327,1327,Chanel
1328,1328,Myah
1329,1329,Karter
1330,1330,Zahra
1331,1331,Ernesto
1332,1332,Audrina
1333,1333,Ariya
1334,1334,Jemma
1335,1335,Eileen
1336,1336,Brentley
1337,1337,Kallie
1338,1338,Milan
1339,1339,Emmalynn
1340,1340,Lionel
1341,1341,Zayn
1342,1342,Lailah
1343,1343,Sloan
1344,1344,Clarissa
1345,1345,Karlee
1346,1346,Laylah
1347,1347,Dominik
1348,1348,Amiya
1349,1349,Collins
1350,1350,Ellen
1351,1351,Cassius
1352,1352,Rowen
1353,1353,Hadassah
1354,1354,Danica
1355,1355,Jaylene
1356,1356,Blaine
1357,1357,Sage
1358,1358,Averi
1359,1359,Reyna
1360,1360,Kelvin
1361,1361,Saige
1362,1362,Wren
1363,1363,Lexie
1364,1364,Dorothy
1365,1365,Lilianna
1366,1366,Jaxen
1367,1367,Memphis
1368,1368,Monroe
1369,1369,Leonard
1370,1370,Aryanna
1371,1371,Elisabeth
1372,1372,Ivory
1373,1373,Abdullah
1374,1374,Jacoby
1375,1375,Liv
1376,1376,Janessa
1377,1377,Jaylynn
1378,1378,Livia
1379,1379,Rayna
1380,1380,Allan
1381,1381,Jagger
1382,1382,Yahir
1383,1383,Alaya
1384,1384,Malaya
1385,1385,Forrest
1386,1386,Guillermo
1387,1387,Mack
1388,1388,Zechariah
1389,1389,Harley
1390,1390,Cara
1391,1391,Erika
1392,1392,Terry
1393,1393,Amani
1394,1394,Clare
1395,1395,Kylan
1396,1396,Addilynn
1397,1397,Roselyn
1398,1398,Fletcher
1399,1399,Rohan
1400,1400,Corinne
1401,1401,Paola
1402,1402,Jolene
1403,1403,Eddie
1404,1404,Anabelle
1405,1405,Bronson
1406,1406,Aliana
1407,1407,Lea
1408,1408,Mara
1409,1409,Jefferson
1410,1410,Lennox
1411,1411,Rayden
1412,1412,Claudia
1413,1413,Kristina
1414,1414,Terrance
1415,1415,Jaylee
1416,1416,Kaylynn
1417,1417,Zariyah
1418,1418,Marc
1419,1419,Morgan
1420,1420,Valentino
1421,1421,Gwen
1422,1422,Kinslee
1423,1423,Demetrius
1424,1424,Avianna
1425,1425,Lisa
1426,1426,Raquel
1427,1427,Kristian
1428,1428,Jolie
1429,1429,Carolyn
1430,1430,Courtney
1431,1431,Penny
1432,1432,Royal
1433,1433,Hezekiah
1434,1434,Lee
1435,1435,Alannah
1436,1436,Ciara
1437,1437,Chaya
1438,1438,Kassandra
1439,1439,Milena
1440,1440,Alessandro
1441,1441,Makai
1442,1442,Rex
1443,1443,Mina
1444,1444,Noa
1445,1445,Callum
1446,1446,Leanna
1447,1447,Zoie
1448,1448,Ariadne
1449,1449,Monserrat
1450,1450,Nola
1451,1451,Kamari
1452,1452,Carlee
1453,1453,Isabela
1454,1454,Jazlynn
1455,1455,Kairi
1456,1456,Laurel
1457,1457,Sky
1458,1458,Rosie
1459,1459,Casen
1460,1460,Tripp
1461,1461,Callan
1462,1462,Stanley
1463,1463,Toby
1464,1464,Elian
1465,1465,Arely
1466,1466,Aubrielle
1467,1467,Kenia
1468,1468,Noemi
1469,1469,Scarlette
1470,1470,Langston
1471,1471,Melvin
1472,1472,Payton
1473,1473,Farrah
1474,1474,Leyla
1475,1475,Flynn
1476,1476,Jamir
1477,1477,Kyree
1478,1478,Aryan
1479,1479,Amia
1480,1480,Bryanna
1481,1481,Axton
1482,1482,Azariah
1483,1483,Branson
1484,1484,Naya
1485,1485,Wynter
1486,1486,Reese
1487,1487,Hunter
1488,1488,Katalina
1489,1489,Adonis
1490,1490,Taliyah
1491,1491,Thaddeus
1492,1492,Amaris
1493,1493,Emerie
1494,1494,Martha
1495,1495,Thalia
1496,1496,Zeke
1497,1497,Christine
1498,1498,Estrella
1499,1499,Brenna
1500,1500,Milania
1501,1501,Salma
1502,1502,Tommy
1503,1503,Lillianna
1504,1504,Marjorie
1505,1505,Blaze
1506,1506,Carmelo
1507,1507,Shayla
1508,1508,Zendaya
1509,1509,Skylar
1510,1510,Aurelia
1511,1511,Brenda
1512,1512,Julieta
1513,1513,Arian
1514,1514,Bruno
1515,1515,Adilynn
1516,1516,Deborah
1517,1517,Keyla
1518,1518,Patricia
1519,1519,Kaysen
1520,1520,Layne
1521,1521,Ray
1522,1522,Emmeline
1523,1523,Hadlee
1524,1524,Zain
1525,1525,Giovanna
1526,1526,Kailee
1527,1527,Desiree
1528,1528,Crew
1529,1529,Jedidiah
1530,1530,Rodney
1531,1531,Casey
1532,1532,Karlie
1533,1533,Khaleesi
1534,1534,Lara
1535,1535,Tori
1536,1536,Clay
1537,1537,Tomas
1538,1538,Clementine
1539,1539,Nancy
1540,1540,Simone
1541,1541,Alden
1542,1542,Ayleen
1543,1543,Estelle
1544,1544,Jadiel
1545,1545,Celine
1546,1546,Madyson
1547,1547,Zaniyah
1548,1548,Harper
1549,1549,Adley
1550,1550,Amalia
1551,1551,Paityn
1552,1552,Ares
1553,1553,Kathleen
1554,1554,Sandra
1555,1555,Cory
1556,1556,Lizbeth
1557,1557,Maleah
1558,1558,Micah
1559,1559,Brecken
1560,1560,Chaim
1561,1561,Nickolas
1562,1562,Aryana
1563,1563,Hailee
1564,1564,Kareem
1565,1565,Xzavier
1566,1566,Aiyana
1567,1567,Joyce
1568,1568,Ryann
1569,1569,Kaison
1570,1570,Caylee
1571,1571,Kalani
1572,1572,Marisol
1573,1573,Nathaly
1574,1574,Alonso
1575,1575,Amos
1576,1576,Vicente
1577,1577,Briar
1578,1578,Samir
1579,1579,Yosef
1580,1580,Holland
1581,1581,Lindsay
1582,1582,Remy
1583,1583,Jamal
1584,1584,Jon
1585,1585,Adrienne
1586,1586,Azariah
1587,1587,Harlee
1588,1588,Dana
1589,1589,Frida
1590,1590,Marianna
1591,1591,Yamileth
1592,1592,Bobby
1593,1593,Chana
1594,1594,Kaya
1595,1595,Lina
1596,1596,Aron
1597,1597,Ben
1598,1598,Ford
1599,1599,Celia
1600,1600,Brodie
1601,1601,Cain
1602,1602,Analia
1603,1603,Hana
1604,1604,Finnley
1605,1605,Jayde
1606,1606,Joslyn
1607,1607,Romina
1608,1608,Briggs
1609,1609,Davion
1610,1610,Kingsley
1611,1611,Anabella
1612,1612,Barbara
1613,1613,Brett
1614,1614,Bryleigh
1615,1615,Emilie
1616,1616,Nathalia
1617,1617,Wayne
1618,1618,Zackary
1619,1619,Ally
1620,1620,Evalyn
1621,1621,Apollo
1622,1622,Emery
1623,1623,Joziah
1624,1624,Lucca
1625,1625,Bonnie
1626,1626,Zaria
1627,1627,Carla
1628,1628,Estella
1629,1629,Kailani
1630,1630,Rivka
1631,1631,Rylan
1632,1632,Bentlee
1633,1633,Hassan
1634,1634,Westin
1635,1635,Paulina
1636,1636,Joey
1637,1637,Vance
1638,1638,Kayden
1639,1639,Marcelo
1640,1640,Giana
1641,1641,Yareli
1642,1642,Axl
1643,1643,Jermaine
1644,1644,Chad
1645,1645,Kaiya
1646,1646,Sariah
1647,1647,Gerald
1648,1648,Kole
1649,1649,Avalynn
1650,1650,Jasmin
1651,1651,Dash
1652,1652,Dayton
1653,1653,Aya
1654,1654,Jewel
1655,1655,Kristen
1656,1656,Paula
1657,1657,Astrid
1658,1658,Jordynn
1659,1659,Kenya
1660,1660,Lachlan
1661,1661,Shaun
1662,1662,Ann
1663,1663,Annalee
1664,1664,Kai
1665,1665,Kody
1666,1666,Ronnie
1667,1667,Kiley
1668,1668,Marleigh
1669,1669,Kolten
1670,1670,Marcel
1671,1671,Stetson
1672,1672,Julianne
1673,1673,Zion
1674,1674,Emmaline
1675,1675,Nataly
1676,1676,Willie
1677,1677,Aminah
1678,1678,Amya
1679,1679,Iliana
1680,1680,Jaida
1681,1681,Paloma
1682,1682,Jeffery
1683,1683,Asia
1684,1684,Louisa
1685,1685,Sarahi
1686,1686,Tara
1687,1687,Brantlee
1688,1688,Andi
1689,1689,Arden
1690,1690,Dalary
1691,1691,Elisha
1692,1692,Maxim
1693,1693,Aimee
1694,1694,Alisson
1695,1695,Halle
1696,1696,Kendall
1697,1697,Aitana
1698,1698,Harry
1699,1699,Leandro
1700,1700,Landry
1701,1701,Alisha
1702,1702,Elin
1703,1703,Maliah
1704,1704,Aaden
1705,1705,Channing
1706,1706,Kohen
1707,1707,Yousef
1708,1708,Belen
1709,1709,Briley
1710,1710,Darian
1711,1711,Raina
1712,1712,Vienna
1713,1713,Enoch
1714,1714,Mayson
1715,1715,Neymar
1716,1716,Esperanza
1717,1717,Giovani
1718,1718,Judith
1719,1719,Alfonso
1720,1720,Duncan
1721,1721,Faye
1722,1722,Anders
1723,1723,Braeden
1724,1724,Dwayne
1725,1725,Keagan
1726,1726,Susan
1727,1727,Felipe
1728,1728,Aliya
1729,1729,Aranza
1730,1730,Yasmin
1731,1731,Fisher
1732,1732,Stefan
1733,1733,Jaylin
1734,1734,Kyndall
1735,1735,Saniyah
1736,1736,Wendy
1737,1737,Yaritza
1738,1738,Azaria
1739,1739,Kaelynn
1740,1740,Neriah
1741,1741,Zainab
1742,1742,Trace
1743,1743,Alissa
1744,1744,Cherish
1745,1745,Dixie
1746,1746,Veda
1747,1747,Aydin
1748,1748,Nala
1749,1749,Tabitha
1750,1750,Anson
1751,1751,Cordelia
1752,1752,Ellison
1753,1753,Meilani
1754,1754,Clyde
1755,1755,Angeline
1756,1756,Reina
1757,1757,Tegan
1758,1758,Blaise
1759,1759,Canaan
1760,1760,Maxton
1761,1761,Hadleigh
1762,1762,Harmoni
1763,1763,Kimora
1764,1764,Ingrid
1765,1765,Lilia
1766,1766,Luz
1767,1767,Alexzander
1768,1768,Billy
1769,1769,Harold
1770,1770,Aislinn
1771,1771,America
1772,1772,Ellis
1773,1773,Elora
1774,1774,Heather
1775,1775,Natalee
1776,1776,Baylor
1777,1777,Miya
1778,1778,Heavenly
1779,1779,Jenny
1780,1780,Aubriella
1781,1781,Emmalee
1782,1782,Kensington
1783,1783,Kiana
1784,1784,Lilyanna
1785,1785,Tinley
1786,1786,Gordon
1787,1787,Ophelia
1788,1788,Rene
1789,1789,Terrence
1790,1790,Vincenzo
1791,1791,Moriah
1792,1792,Sharon
1793,1793,Kamdyn
1794,1794,Marlon
1795,1795,Charlize
1796,1796,Castiel
1797,1797,Lamar
1798,1798,Abril
1799,1799,Avalyn
1800,1800,Mariyah
1801,1801,Taya
1802,1802,Augustine
1803,1803,Jamie
1804,1804,Ireland
1805,1805,Lyra
1806,1806,Noor
1807,1807,Sariyah
1808,1808,Eugene
1809,1809,Giavanna
1810,1810,Stevie
1811,1811,Harlan
1812,1812,Kase
1813,1813,Miller
1814,1814,Van
1815,1815,Rhea
1816,1816,Zaylee
1817,1817,Kolby
1818,1818,Sonny
1819,1819,Denise
1820,1820,Frankie
1821,1821,Janiya
1822,1822,Jocelynn
1823,1823,Libby
1824,1824,Emory
1825,1825,Junior
1826,1826,Aubrianna
1827,1827,Kaitlynn
1828,1828,Graysen
1829,1829,Heath
1830,1830,Rogelio
1831,1831,Will
1832,1832,Princess
1833,1833,Sidney
1834,1834,Amare
1835,1835,Ameer
1836,1836,Camdyn
1837,1837,Jerome
1838,1838,Maison
1839,1839,Alianna
1840,1840,Mollie
1841,1841,Micheal
1842,1842,Aadhya
1843,1843,Janae
1844,1844,Mattie
1845,1845,Tinsley
1846,1846,Cristiano
1847,1847,Giancarlo
1848,1848,Henrik
1849,1849,Lochlan
1850,1850,Aliah
1851,1851,Ari
1852,1852,Aubri
1853,1853,Kaidence
1854,1854,Danika
1855,1855,Jana
1856,1856,Mavis
1857,1857,Bode
1858,1858,Camron
1859,1859,Houston
1860,1860,Otis
1861,1861,Mercy
1862,1862,Hugh
1863,1863,Kannon
1864,1864,Konnor
1865,1865,Antonia
1866,1866,India
1867,1867,Miley
1868,1868,Raylee
1869,1869,Emmet
1870,1870,Kamryn
1871,1871,Maximo
1872,1872,Antonella
1873,1873,Regan
1874,1874,Robin
1875,1875,Adrien
1876,1876,Cedric
1877,1877,Dariel
1878,1878,Landry
1879,1879,Leighton
1880,1880,Magnus
1881,1881,Abrielle
1882,1882,Akira
1883,1883,Ayva
1884,1884,Cambria
1885,1885,Dani
1886,1886,Devyn
1887,1887,Mckayla
1888,1888,Rayne
1889,1889,Draven
1890,1890,Javon
1891,1891,Marley
1892,1892,Zavier
1893,1893,Alyvia
1894,1894,Diamond
1895,1895,Markus
1896,1896,Abbigail
1897,1897,Diya
1898,1898,Poppy
1899,1899,Justus
1900,1900,Anais
1901,1901,Anniston
1902,1902,Dalia
1903,1903,Reyansh
1904,1904,Rudy
1905,1905,Santana
1906,1906,Alisa
1907,1907,Ayana
1908,1908,Ellery
1909,1909,Misael
1910,1910,Addalyn
1911,1911,Charleston
1912,1912,Abdiel
1913,1913,Davian
1914,1914,Zaire
1915,1915,Amora
1916,1916,Ellianna
1917,1917,Samiyah
1918,1918,Jordy
1919,1919,Reginald
1920,1920,Mylah
1921,1921,Benton
1922,1922,Darwin
1923,1923,Franco
1924,1924,Jairo
1925,1925,Jonathon
1926,1926,Reuben
1927,1927,Urijah
1928,1928,Vivaan
1929,1929,Amayah
1930,1930,Carlie
1931,1931,Robyn
1932,1932,Brent
1933,1933,Gauge
1934,1934,Alaysia
1935,1935,Harleigh
1936,1936,Kaleigh
1937,1937,Temperance
1938,1938,Vaughn
1939,1939,Belle
1940,1940,Chandler
1941,1941,Cindy
1942,1942,Elina
1943,1943,Kaylani
1944,1944,Maddie
1945,1945,Shannon
1946,1946,Coleman
1947,1947,Zaid
1948,1948,Araceli
1949,1949,Audriana
1950,1950,Taryn
1951,1951,Terrell
1952,1952,Macey
1953,1953,Kenny
1954,1954,Londynn
1955,1955,Tamia
1956,1956,Brice
1957,1957,Bayleigh
1958,1958,Carina
1959,1959,Evalynn
1960,1960,Promise
1961,1961,Lyric
1962,1962,Ayanna
1963,1963,Sonia
1964,1964,Judson
1965,1965,Shiloh
1966,1966,August
1967,1967,Austyn
1968,1968,Emmie
1969,1969,Etta
1970,1970,Ramona
1971,1971,Damari
1972,1972,Kalel
1973,1973,Joelle
1974,1974,Paisleigh
1975,1975,Treasure
1976,1976,Aanya
1977,1977,Berkley
1978,1978,Everlee
1979,1979,Louise
1980,1980,Vada
1981,1981,Vivien
1982,1982,Braiden
1983,1983,Brenden
1984,1984,Coen
1985,1985,Denver
1986,1986,Javion
1987,1987,Thatcher
1988,1988,Renee
1989,1989,Rey
1990,1990,Meghan
1991,1991,Pyper
1992,1992,Dilan
1993,1993,Patience
1994,1994,Spencer
1995,1995,Dimitri
1996,1996,Immanuel
1997,1997,Mustafa
1998,1998,Ulises
1999,1999,Gwyneth
2000,2000,Kasey
2001,2001,Mercedes
2002,2002,Alvaro
2003,2003,Dominique
2004,2004,Eliseo
2005,2005,Ailyn
2006,2006,Carleigh
2007,2007,Karleigh
2008,2008,Anakin
2009,2009,Craig
2010,2010,Neveah
2011,2011,Rilynn
2012,2012,Saanvi
2013,2013,Sailor
2014,2014,Dario
2015,2015,Santos
2016,2016,Cristina
2017,2017,Honesty
2018,2018,Magdalena
2019,2019,Marian
2020,2020,Maylee
2021,2021,Grey
2022,2022,Ishaan
2023,2023,Carley
2024,2024,Scout
2025,2025,Jessie
2026,2026,Jonael
2027,2027,Maxine
2028,2028,Reign
2029,2029,Alfred
2030,2030,Tyrone
2031,2031,Valentin
2032,2032,Kourtney
2033,2033,Lesly
2034,2034,Taraji
2035,2035,Jadon
2036,2036,Turner
2037,2037,Maren
2038,2038,Opal
2039,2039,Ignacio
2040,2040,Riaan
2041,2041,Rocky
2042,2042,Jurnee
2043,2043,Keily
2044,2044,Riya
2045,2045,Ephraim
2046,2046,Marquis
2047,2047,Jubilee
2048,2048,Kylah
2049,2049,Tess
2050,2050,Musa
2051,2051,Rosalee
2052,2052,Keenan
2053,2053,Ridge
2054,2054,Addie
2055,2055,Adela
2056,2056,Fallon
2057,2057,Itzayana
2058,2058,Natalya
2059,2059,Chace
2060,2060,Kymani
2061,2061,Rodolfo
2062,2062,Adalee
2063,2063,Campbell
2064,2064,Krystal
2065,2065,Luisa
2066,2066,Makena
2067,2067,Samira
2068,2068,Darrell
2069,2069,Steve
2070,2070,Agustin
2071,2071,Jaziel
2072,2072,Micaela
2073,2073,Rosalyn
2074,2074,Adilene
2075,2075,Jenesis
2076,2076,Kailynn
2077,2077,Kelsie
2078,2078,Sally
2079,2079,Selina
2080,2080,Sherlyn
2081,2081,Whitley
2082,2082,Bree
2083,2083,Maisy
2084,2084,Marlowe
2085,2085,Violeta
2086,2086,Xiomara
2087,2087,Boone
2088,2088,Cairo
2089,2089,Kashton
2090,2090,Rashad
2091,2091,Aubriana
2092,2092,Gibson
2093,2093,Jabari
2094,2094,Addalynn
2095,2095,Calliope
2096,2096,Kataleya
2097,2097,Royalty
2098,2098,Avi
2099,2099,Quintin
2100,2100,Seamus
2101,2101,Izabelle
2102,2102,Kamilah
2103,2103,Rolando
2104,2104,Sutton
2105,2105,Adilyn
2106,2106,Aleigha
2107,2107,Gracyn
2108,2108,Katerina
2109,2109,Larissa
2110,2110,Loretta
2111,2111,Sunny
2112,2112,Camilo
2113,2113,Triston
2114,2114,Yehuda
2115,2115,Audrianna
2116,2116,Baylor
2117,2117,Blaire
2118,2118,Brynleigh
2119,2119,Elodie
2120,2120,Katrina
2121,2121,Novalee
2122,2122,Cristopher
2123,2123,Davin
2124,2124,Ernest
2125,2125,Jamarion
2126,2126,Kamren
2127,2127,Salvatore
2128,2128,Addelyn
2129,2129,Dalilah
2130,2130,Davina
2131,2131,Florence
2132,2132,Kaleah
2133,2133,Marlene
2134,2134,Selene
2135,2135,Anton
2136,2136,Aydan
2137,2137,Huxley
2138,2138,Jovani
2139,2139,Wilder
2140,2140,Alessia
2141,2141,Bryn
2142,2142,Della
2143,2143,Karma
2144,2144,Bodie
2145,2145,Jordyn
2146,2146,Louie
2147,2147,Abbie
2148,2148,Cecily
2149,2149,Drew
2150,2150,Sylvie
2151,2151,Achilles
2152,2152,Kaeden
2153,2153,Kamron
2154,2154,Ila
2155,2155,Kamille
2156,2156,Milah
2157,2157,Tia
2158,2158,Winnie
2159,2159,Aarush
2160,2160,Deangelo
2161,2161,Robin
2162,2162,Yadiel
2163,2163,Yahya
2164,2164,Annelise
2165,2165,Beatrix
2166,2166,Emani
2167,2167,Lillyanna
2168,2168,Theresa
2169,2169,Boden
2170,2170,Ean
2171,2171,Kye
2172,2172,Kylen
2173,2173,Todd
2174,2174,Truman
2175,2175,Kalia
2176,2176,Kaylen
2177,2177,Lillyana
2178,2178,Malayah
2179,2179,Chevy
2180,2180,Gilbert
2181,2181,Haiden
2182,2182,Deanna
2183,2183,Jacquelyn
2184,2184,Kinlee
2185,2185,Maritza
2186,2186,Marlie
2187,2187,Noel
2188,2188,Brixton
2189,2189,Dangelo
2190,2190,Juelz
2191,2191,Osvaldo
2192,2192,Ailani
2193,2193,Amiah
2194,2194,Bishop
2195,2195,Freddy
2196,2196,Reagan
2197,2197,Alora
2198,2198,Ezra
2199,2199,Stacy
2200,2200,Valery
2201,2201,Frankie
2202,2202,Malaki
2203,2203,Kinzley
2204,2204,Leela
2205,2205,Lianna
2206,2206,Camren
2207,2207,Deshawn
2208,2208,Jayvion
2209,2209,Leroy
2210,2210,Giada
2211,2211,Raya
2212,2212,Seraphina
2213,2213,Violette
2214,2214,Briar
2215,2215,Jaydon
2216,2216,Brynley
2217,2217,Charity
2218,2218,Geneva
2219,2219,Tyler
2220,2220,Antoine
2221,2221,Ayan
2222,2222,Harris
2223,2223,Tyree
2224,2224,Bexley
2225,2225,Caydence
2226,2226,Elayna
2227,2227,Preslee
2228,2228,Harlem
2229,2229,Simeon
2230,2230,Tristian
2231,2231,Elia
2232,2232,Haleigh
2233,2233,Taj
2234,2234,Annabeth
2235,2235,Ashtyn
2236,2236,Coral
2237,2237,Soraya
2238,2238,Yara
2239,2239,Brysen
2240,2240,Clinton
2241,2241,Deon
2242,2242,Kooper
2243,2243,Semaj
2244,2244,Destinee
2245,2245,Kaley
2246,2246,Sanaa
2247,2247,Jair
2248,2248,Jericho
2249,2249,Rayyan
2250,2250,Teagan
2251,2251,Yaakov
2252,2252,Dania
2253,2253,Denver
2254,2254,Egypt
2255,2255,Janice
2256,2256,Mika
2257,2257,Abner
2258,2258,Bridger
2259,2259,Keanu
2260,2260,Koen
2261,2261,Ramiro
2262,2262,Anayah
2263,2263,Delia
2264,2264,Malani
2265,2265,Vivianna
2266,2266,Eliezer
2267,2267,Ira
2268,2268,Isai
2269,2269,Khalid
2270,2270,Yisroel
2271,2271,Anneliese
2272,2272,Maryjane
2273,2273,Nahla
2274,2274,Nellie
2275,2275,Raylynn
2276,2276,Braylin
2277,2277,Danilo
2278,2278,Foster
2279,2279,Aliyana
2280,2280,Eisley
2281,2281,Estefania
2282,2282,Jovie
2283,2283,Karissa
2284,2284,Leilah
2285,2285,Miyah
2286,2286,Alistair
2287,2287,Mike
2288,2288,Emerald
2289,2289,Karis
2290,2290,Kaycee
2291,2291,Leena
2292,2292,Fox
2293,2293,Makhi
2294,2294,Randall
2295,2295,Westley
2296,2296,Brisa
2297,2297,Caleigh
2298,2298,Kendal
2299,2299,Howard
2300,2300,Koda
2301,2301,Zamir
2302,2302,Belinda
2303,2303,Cassie
2304,2304,Lorena
2305,2305,Cortez
2306,2306,Darryl
2307,2307,Garrison
2308,2308,Shmuel
2309,2309,Aiyanna
2310,2310,Audra
2311,2311,Britney
2312,2312,Kamiyah
2313,2313,Kaylyn
2314,2314,Susanna
2315,2315,Jamar
2316,2316,Krish
2317,2317,Merrick
2318,2318,Zyaire
2319,2319,Agnes
2320,2320,Ashton
2321,2321,Christiana
2322,2322,Mayra
2323,2323,Shea
2324,2324,Tianna
2325,2325,Gilberto
2326,2326,Jovanni
2327,2327,Mccoy
2328,2328,Ali
2329,2329,Margo
2330,2330,Nalani
2331,2331,Nya
2332,2332,Rita
2333,2333,Viola
2334,2334,Brayson
2335,2335,Camryn
2336,2336,Derick
2337,2337,Maddux
2338,2338,Laniyah
2339,2339,Nyomi
2340,2340,Vida
2341,2341,Darien
2342,2342,Efrain
2343,2343,Gatlin
2344,2344,Tadeo
2345,2345,Betty
2346,2346,Milagros
2347,2347,Skylynn
2348,2348,Ahmir
2349,2349,Denzel
2350,2350,Gino
2351,2351,Jaycob
2352,2352,Leif
2353,2353,Alex
2354,2354,Haylie
2355,2355,Karli
2356,2356,Meera
2357,2357,Rylynn
2358,2358,Branden
2359,2359,Octavio
2360,2360,Roderick
2361,2361,Wesson
2362,2362,Youssef
2363,2363,Zayd
2364,2364,Isabell
2365,2365,Aida
2366,2366,Bellamy
2367,2367,Bentley
2368,2368,Blessing
2369,2369,Gisselle
2370,2370,Ivana
2371,2371,Karmen
2372,2372,Kinleigh
2373,2373,Imran
2374,2374,Konner
2375,2375,Lyle
2376,2376,Tristin
2377,2377,Rachael
2378,2378,Karsen
2379,2379,Ralph
2380,2380,Rylen
2381,2381,Kendyl
2382,2382,Malak
2383,2383,Shirley
2384,2384,Alaric
2385,2385,Decker
2386,2386,Demarcus
2387,2387,Aarya
2388,2388,Irie
2389,2389,Maite
2390,2390,Roslyn
2391,2391,Yesenia
2392,2392,Clarence
2393,2393,Elvis
2394,2394,Karl
2395,2395,Kenton
2396,2396,Ulysses
2397,2397,Asha
2398,2398,Harriet
2399,2399,Hayleigh
2400,2400,Kacey
2401,2401,Rebeca
2402,2402,Samiya
2403,2403,Aayden
2404,2404,Gerard
2405,2405,Karim
2406,2406,Sidney
2407,2407,Clover
2408,2408,Karley
2409,2409,Kyrie
2410,2410,Lilyann
2411,2411,Reece
2412,2412,Roxanne
2413,2413,Aston
2414,2414,Greysen
2415,2415,Yael
2416,2416,Annaleigh
2417,2417,Annaliese
2418,2418,Carson
2419,2419,Kayleen
2420,2420,Khadija
2421,2421,Linnea
2422,2422,Malka
2423,2423,Tamara
2424,2424,Toni
2425,2425,Dale
2426,2426,Jaxx
2427,2427,Annette
2428,2428,Brinlee
2429,2429,Guinevere
2430,2430,Luella
2431,2431,Palmer
2432,2432,Rihanna
2433,2433,Rubi
2434,2434,Saniya
2435,2435,Sarina
2436,2436,Hollis
2437,2437,Isiah
2438,2438,Mac
2439,2439,Yaseen
2440,2440,Cailyn
2441,2441,Colbie
2442,2442,Emalyn
2443,2443,Evelina
2444,2444,Kaitlin
2445,2445,Karly
2446,2446,Katarina
2447,2447,Persephone
2448,2448,Vayda
2449,2449,Aidyn
2450,2450,Cormac
2451,2451,Kale
2452,2452,Jaleah
2453,2453,Jazmyn
2454,2454,Kyndal
2455,2455,Leilany
2456,2456,Petra
2457,2457,Eason
2458,2458,Ananya
2459,2459,Araya
2460,2460,Audree
2461,2461,Brayleigh
2462,2462,Celina
2463,2463,Flora
2464,2464,Mayah
2465,2465,Octavia
2466,2466,Zoya
2467,2467,Dashiell
2468,2468,Eliot
2469,2469,Jaxxon
2470,2470,Jesiah
2471,2471,Nigel
2472,2472,Rylee
2473,2473,Shepherd
2474,2474,Arantza
2475,2475,Farah
2476,2476,Jakayla
2477,2477,Kinsey
2478,2478,Edmund
2479,2479,Capri
2480,2480,Emiliana
2481,2481,Shanaya
2482,2482,Shay
2483,2483,Sofie
2484,2484,Yazmin
2485,2485,Deegan
2486,2486,Gavyn
2487,2487,Reynaldo
2488,2488,Tyrell
2489,2489,Arlene
2490,2490,Finnley
2491,2491,Grecia
2492,2492,Jacey
2493,2493,Marcella
2494,2494,Melinda
2495,2495,Priya
2496,2496,Skylah
2497,2497,Zayla
2498,2498,Brendon
2499,2499,Colson
2500,2500,Corbyn
2501,2501,Izayah
2502,2502,Jaylin
2503,2503,Korbyn
2504,2504,Calista
2505,2505,Isadora
2506,2506,Keila
2507,2507,Shaylee
2508,2508,Brenton
2509,2509,Giovanny
2510,2510,Joan
2511,2511,Menachem
2512,2512,Pierre
2513,2513,Shlomo
2514,2514,Areli
2515,2515,Grayson
2516,2516,Jazelle
2517,2517,Silvia
2518,2518,Jad
2519,2519,Jeremias
2520,2520,Johnathon
2521,2521,Sami
2522,2522,Carsyn
2523,2523,Darcy
2524,2524,Elissa
2525,2525,Janie
2526,2526,Jazzlyn
2527,2527,Kiersten
2528,2528,Shreya
2529,2529,Damarion
2530,2530,Gonzalo
2531,2531,Kalvin
2532,2532,Mordechai
2533,2533,Vladimir
2534,2534,Emi
2535,2535,Nyah
2536,2536,Pamela
2537,2537,Tesla
2538,2538,Aedan
2539,2539,Andie
2540,2540,Dayanna
2541,2541,Delanie
2542,2542,Kenleigh
2543,2543,Jarrett
2544,2544,Jaylon
2545,2545,Lian
2546,2546,Stephan
2547,2547,Anabel
2548,2548,Izzabella
2549,2549,Yaretzy
2550,2550,Carsen
2551,2551,Cristobal
2552,2552,Finnian
2553,2553,Glenn
2554,2554,Lathan
2555,2555,Lenny
2556,2556,Maxx
2557,2557,Abbey
2558,2558,Carissa
2559,2559,Elinor
2560,2560,Keziah
2561,2561,Legacy
2562,2562,Sonya
2563,2563,Zahara
2564,2564,Corban
2565,2565,Deklan
2566,2566,Gus
2567,2567,Kabir
2568,2568,Kennedy
2569,2569,Mariano
2570,2570,Alanah
2571,2571,Cheyanne
2572,2572,Haddie
2573,2573,Jaylyn
2574,2574,Leigha
2575,2575,Maribel
2576,2576,Nadine
2577,2577,Salem
2578,2578,Yuliana
2579,2579,Davon
2580,2580,Jovan
2581,2581,Amaia
2582,2582,Damaris
2583,2583,Litzy
2584,2584,Koa
2585,2585,Linus
2586,2586,Lucien
2587,2587,Trystan
2588,2588,Azul
2589,2589,Gretchen
2590,2590,Journi
2591,2591,Mariella
2592,2592,Daryl
2593,2593,Ronaldo
2594,2594,Yair
2595,2595,Aadya
2596,2596,Annabell
2597,2597,Dariana
2598,2598,Donna
2599,2599,Emme
2600,2600,Ida
2601,2601,Judy
2602,2602,Layan
2603,2603,Hakeem
2604,2604,Syed
2605,2605,Tiago
2606,2606,Aislynn
2607,2607,Darlene
2608,2608,Hailie
2609,2609,Jaclyn
2610,2610,Kya
2611,2611,Lucie
2612,2612,Nailah
2613,2613,Nayla
2614,2614,Saoirse
2615,2615,Shyla
2616,2616,Aditya
2617,2617,Broderick
2618,2618,Jayse
2619,2619,Shimon
2620,2620,Zev
2621,2621,Alba
2622,2622,Ariela
2623,2623,Dior
2624,2624,Lincoln
2625,2625,Oaklee
2626,2626,Tallulah
2627,2627,Yasmine
2628,2628,Amar
2629,2629,Ansel
2630,2630,Dhruv
2631,2631,Ismail
2632,2632,Jakobe
2633,2633,Jordi
2634,2634,Keller
2635,2635,Ledger
2636,2636,Maksim
2637,2637,Ross
2638,2638,Dina
2639,2639,Essence
2640,2640,Jamiyah
2641,2641,Kamari
2642,2642,Lacy
2643,2643,Rayleigh
2644,2644,Rowyn
2645,2645,Tina
2646,2646,Winifred
2647,2647,Karsyn
2648,2648,Kent
2649,2649,Slade
2650,2650,Thorin
2651,2651,Eleanora
2652,2652,Ema
2653,2653,Evangelina
2654,2654,Marin
2655,2655,Stephany
2656,2656,Adolfo
2657,2657,Brogan
2658,2658,Marcello
2659,2659,Mikael
2660,2660,Ashanti
2661,2661,Elly
2662,2662,Emmerson
2663,2663,Leticia
2664,2664,Lidia
2665,2665,Nariah
2666,2666,Raleigh
2667,2667,Sanai
2668,2668,Tania
2669,2669,Zella
2670,2670,Donte
2671,2671,German
2672,2672,Jean
2673,2673,Jorden
2674,2674,Kaidyn
2675,2675,Kyren
2676,2676,Smith
2677,2677,Stone
2678,2678,Aaleyah
2679,2679,Analise
2680,2680,Aniston
2681,2681,Carmella
2682,2682,Janet
2683,2683,Kenlee
2684,2684,Kynleigh
2685,2685,Maura
2686,2686,Naima
2687,2687,Adler
2688,2688,Aries
2689,2689,Cian
2690,2690,Guy
2691,2691,Lyndon
2692,2692,Wallace
2693,2693,Zahir
2694,2694,Bernadette
2695,2695,Chasity
2696,2696,Kynslee
2697,2697,Addison
2698,2698,Cornelius
2699,2699,Milton
2700,2700,Nick
2701,2701,Nikko
2702,2702,Raheem
2703,2703,Aracely
2704,2704,Austin
2705,2705,Ayesha
2706,2706,Beverly
2707,2707,Blythe
2708,2708,Kenzi
2709,2709,Mireya
2710,2710,Benedict
2711,2711,Bilal
2712,2712,Kyron
2713,2713,Neal
2714,2714,Adalie
2715,2715,Avalon
2716,2716,Jael
2717,2717,Lakyn
2718,2718,Suri
2719,2719,Yoselin
2720,2720,Carmine
2721,2721,Damion
2722,2722,Kyan
2723,2723,Viaan
2724,2724,Zack
2725,2725,Abbygail
2726,2726,Harlie
2727,2727,Kalea
2728,2728,Pepper
2729,2729,Yaneli
2730,2730,Bernard
2731,2731,Darnell
2732,2732,Fredrick
2733,2733,Gian
2734,2734,Jionni
2735,2735,Ayah
2736,2736,Denisse
2737,2737,Queen
2738,2738,Vivianne
2739,2739,Elmer
2740,2740,Mikel
2741,2741,Murphy
2742,2742,Aarna
2743,2743,Emeri
2744,2744,Yvette
2745,2745,Aubrey
2746,2746,Beck
2747,2747,Brighton
2748,2748,Ishmael
2749,2749,Jet
2750,2750,Zyon
2751,2751,Anita
2752,2752,Carli
2753,2753,Elana
2754,2754,Gwenyth
2755,2755,Jaylen
2756,2756,Kamiya
2757,2757,Lela
2758,2758,Marion
2759,2759,Quincy
2760,2760,Alton
2761,2761,Emir
2762,2762,Ever
2763,2763,Josias
2764,2764,Norman
2765,2765,Yitzchok
2766,2766,Amyra
2767,2767,Anjali
2768,2768,Bridgette
2769,2769,Charlene
2770,2770,Eunice
2771,2771,Indie
2772,2772,Jersey
2773,2773,Rosalind
2774,2774,Archie
2775,2775,Armaan
2776,2776,Cael
2777,2777,Clifford
2778,2778,Humberto
2779,2779,Jai
2780,2780,Kallen
2781,2781,Marcellus
2782,2782,Masen
2783,2783,Maiya
2784,2784,Malina
2785,2785,Sapphire
2786,2786,Aleksander
2787,2787,Kruz
2788,2788,Meir
2789,2789,Noble
2790,2790,Tayden
2791,2791,Viktor
2792,2792,Arianny
2793,2793,Ayvah
2794,2794,Kamilla
2795,2795,Korra
2796,2796,Aamir
2797,2797,Aayan
2798,2798,Andreas
2799,2799,Bastian
2800,2800,Cal
2801,2801,Carlo
2802,2802,Salman
2803,2803,Constance
2804,2804,Estefany
2805,2805,Iyanna
2806,2806,Katy
2807,2807,Destin
2808,2808,Eder
2809,2809,Elam
2810,2810,Mikhail
2811,2811,Wes
2812,2812,Imogen
2813,2813,Jailyn
2814,2814,Kamora
2815,2815,Keilani
2816,2816,Prisha
2817,2817,Rosalina
2818,2818,Taliah
2819,2819,Amarion
2820,2820,Brennen
2821,2821,Carver
2822,2822,Colter
2823,2823,Gray
2824,2824,Monroe
2825,2825,Nikola
2826,2826,Vince
2827,2827,Aila
2828,2828,Alanis
2829,2829,Kacie
2830,2830,Kaila
2831,2831,Lucinda
2832,2832,Mariela
2833,2833,Shyanne
2834,2834,Ziva
2835,2835,Bently
2836,2836,Cale
2837,2837,Diesel
2838,2838,Eamon
2839,2839,Kaiser
2840,2840,Abriella
2841,2841,Amilia
2842,2842,Calla
2843,2843,Gisele
2844,2844,Jaqueline
2845,2845,Peighton
2846,2846,Symphony
2847,2847,Zaira
2848,2848,Barry
2849,2849,Dion
2850,2850,Perry
2851,2851,Quinten
2852,2852,Salem
2853,2853,Cosette
2854,2854,Freyja
2855,2855,Kaci
2856,2856,Kierra
2857,2857,Lacie
2858,2858,Lizeth
2859,2859,Rosalia
2860,2860,Caius
2861,2861,Ewan
2862,2862,Haven
2863,2863,Idris
2864,2864,Ruger
2865,2865,Camden
2866,2866,Claira
2867,2867,Kinsleigh
2868,2868,Noah
2869,2869,Presleigh
2870,2870,Unique
2871,2871,Abdulrahman
2872,2872,Coy
2873,2873,Daylen
2874,2874,Graeme
2875,2875,Johann
2876,2876,Palmer
2877,2877,Sheldon
2878,2878,Tahj
2879,2879,Torin
2880,2880,Cambree
2881,2881,Harmonie
2882,2882,Hillary
2883,2883,Zora
2884,2884,Campbell
2885,2885,Lev
2886,2886,Lucius
2887,2887,Marquise
2888,2888,Jiselle
2889,2889,Jude
2890,2890,Makiyah
2891,2891,Noelia
2892,2892,Taelyn
2893,2893,Ammar
2894,2894,Hussein
2895,2895,Johnpaul
2896,2896,Keon
2897,2897,Maddix
2898,2898,Tzvi
2899,2899,Avani
2900,2900,Dominique
2901,2901,Eleni
2902,2902,Emry
2903,2903,Heidy
2904,2904,Nori
2905,2905,Rosalynn
2906,2906,Serafina
2907,2907,Zaniya
2908,2908,Bear
2909,2909,Gaige
2910,2910,Jakari
2911,2911,Pierson
2912,2912,Rishi
2913,2913,Zaylen
2914,2914,Adina
2915,2915,Akshara
2916,2916,Chevelle
2917,2917,Karoline
2918,2918,Laken
2919,2919,Lillyann
2920,2920,Lori
2921,2921,Nikki
2922,2922,Rosemarie
2923,2923,Ryder
2924,2924,Zaynab
2925,2925,Alek
2926,2926,Atreyu
2927,2927,Aven
2928,2928,Avraham
2929,2929,Jacobi
2930,2930,Jarvis
2931,2931,Jenson
2932,2932,Link
2933,2933,Wiley
2934,2934,Annamarie
2935,2935,Aspyn
2936,2936,Dalila
2937,2937,Everley
2938,2938,Hartley
2939,2939,Ruthie
2940,2940,Wilhelmina
2941,2941,Yarely
2942,2942,Ander
2943,2943,Baron
2944,2944,Benicio
2945,2945,Boaz
2946,2946,Forest
2947,2947,Jaceon
2948,2948,Jahmir
2949,2949,Keelan
2950,2950,Kilian
2951,2951,Leeland
2952,2952,Malakhi
2953,2953,Pranav
2954,2954,Rowdy
2955,2955,Yoel
2956,2956,Adalina
2957,2957,Arabelle
2958,2958,Cattleya
2959,2959,Jackeline
2960,2960,Jaslyn
2961,2961,Jaya
2962,2962,Kayley
2963,2963,Rowen
2964,2964,Tahlia
2965,2965,Bernardo
2966,2966,Cashton
2967,2967,Francesco
2968,2968,Xavi
2969,2969,Alessa
2970,2970,Annistyn
2971,2971,Brigitte
2972,2972,Desirae
2973,2973,Lenora
2974,2974,Martina
2975,2975,Saphira
2976,2976,Sia
2977,2977,Zadie
2978,2978,Siddharth
2979,2979,Adyson
2980,2980,Althea
2981,2981,Ariane
2982,2982,Ariyana
2983,2983,Avril
2984,2984,Inara
2985,2985,Moira
2986,2986,Oona
2987,2987,Precious
2988,2988,Shania
2989,2989,Adiel
2990,2990,Cordell
2991,2991,Dereck
2992,2992,Jayven
2993,2993,Kael
2994,2994,Ramsey
2995,2995,Abrianna
2996,2996,Ariadna
2997,2997,Avarie
2998,2998,Georgina
2999,2999,Geraldine
3000,3000,Keegan
3001,3001,Laci
3002,3002,Maliya
3003,3003,Marceline
3004,3004,May
3005,3005,Sana
3006,3006,Zia
3007,3007,Avion
3008,3008,Earl
3009,3009,Eliyahu
3010,3010,Jael
3011,3011,Marshawn
3012,3012,Oren
3013,3013,Presley
3014,3014,Tevin
3015,3015,Zakaria
3016,3016,Amariah
3017,3017,Amyah
3018,3018,Arlette
3019,3019,Halo
3020,3020,Journie
3021,3021,Letty
3022,3022,Melia
3023,3023,Raeleigh
3024,3024,Renesmee
3025,3025,Roxana
3026,3026,Shae
3027,3027,Zola
3028,3028,Aksel
3029,3029,Creed
3030,3030,Devonte
3031,3031,Eleazar
3032,3032,Jakai
3033,3033,Nova
3034,3034,Tobin
3035,3035,Aubreigh
3036,3036,Izabel
3037,3037,Julietta
3038,3038,Kathy
3039,3039,Nicolette
3040,3040,Zuleyka
3041,3041,Dezmond
3042,3042,Elvin
3043,3043,Emil
3044,3044,Izaac
3045,3045,Jaxsen
3046,3046,Kanon
3047,3047,Laith
3048,3048,Massimo
3049,3049,Niam
3050,3050,Sebastien
3051,3051,Zephyr
3052,3052,Adaleigh
3053,3053,Carrie
3054,3054,Daria
3055,3055,Darla
3056,3056,Isha
3057,3057,Kaylah
3058,3058,Liza
3059,3059,Miabella
3060,3060,Montana
3061,3061,Skylee
3062,3062,Aaryan
3063,3063,Antony
3064,3064,Gionni
3065,3065,Hasan
3066,3066,Jaydan
3067,3067,Kaine
3068,3068,Kiyan
3069,3069,Sammy
3070,3070,Yandel
3071,3071,Alyse
3072,3072,Amethyst
3073,3073,Anaiah
3074,3074,Betsy
3075,3075,Camdyn
3076,3076,Christian
3077,3077,Deja
3078,3078,Khalia
3079,3079,Krista
3080,3080,Margarita
3081,3081,Salome
3082,3082,Sheila
3083,3083,Stormy
3084,3084,Susana
3085,3085,Yamilet
3086,3086,Axle
3087,3087,Coby
3088,3088,Demari
3089,3089,Hoyt
3090,3090,Kain
3091,3091,Kiran
3092,3092,Nestor
3093,3093,Tylan
3094,3094,Anyla
3095,3095,Cambrie
3096,3096,Caysen
3097,3097,Deion
3098,3098,Jaeden
3099,3099,Jeremih
3100,3100,Nikhil
3101,3101,Rian
3102,3102,Westyn
3103,3103,Alyanna
3104,3104,Elliette
3105,3105,Emoni
3106,3106,Eryn
3107,3107,Jamya
3108,3108,Jordin
3109,3109,Karolina
3110,3110,Kenzlee
3111,3111,Rilee
3112,3112,Savanah
3113,3113,Abdul
3114,3114,Azael
3115,3115,Bradyn
3116,3116,Demarion
3117,3117,Kenji
3118,3118,Ollie
3119,3119,Zackery
3120,3120,Zaden
3121,3121,Alyna
3122,3122,Baila
3123,3123,Chelsey
3124,3124,Chyna
3125,3125,Honor
3126,3126,Kaisley
3127,3127,Keren
3128,3128,Lorraine
3129,3129,Nelly
3130,3130,Rhylee
3131,3131,Rileigh
3132,3132,Shayna
3133,3133,Taylin
3134,3134,Yulissa
3135,3135,Yuna
3136,3136,Benaiah
3137,3137,Cillian
3138,3138,Devan
3139,3139,Eliel
3140,3140,Emmit
3141,3141,Hans
3142,3142,Isaak
3143,3143,Josh
3144,3144,Kurt
3145,3145,Watson
3146,3146,Cayla
3147,3147,Elisha
3148,3148,Gillian
3149,3149,Jamiya
3150,3150,Karmyn
3151,3151,Kirsten
3152,3152,Niya
3153,3153,Sahana
3154,3154,Sahara
3155,3155,Tayla
3156,3156,Waverly
3157,3157,Zinnia
3158,3158,Bryer
3159,3159,Dovid
3160,3160,Kayleb
3161,3161,Mikah
3162,3162,Reign
3163,3163,Rico
3164,3164,Shamar
3165,3165,Indigo
3166,3166,Josslyn
3167,3167,Liah
3168,3168,Melani
3169,3169,Reem
3170,3170,Santana
3171,3171,Siya
3172,3172,Teegan
3173,3173,Yasmeen
3174,3174,Austen
3175,3175,Jamel
3176,3176,Lamont
3177,3177,Lonnie
3178,3178,Rome
3179,3179,Ariyanna
3180,3180,Brylie
3181,3181,Channing
3182,3182,Cleo
3183,3183,Emmarie
3184,3184,Gitty
3185,3185,Janiah
3186,3186,Kloe
3187,3187,Melodie
3188,3188,Rhiannon
3189,3189,Samia
3190,3190,Taniyah
3191,3191,Yvonne
3192,3192,Ajay
3193,3193,Braxtyn
3194,3194,Chaz
3195,3195,Dillan
3196,3196,Donnie
3197,3197,Eddy
3198,3198,Kelton
3199,3199,Onyx
3200,3200,Thor
3201,3201,Amal
3202,3202,Amberly
3203,3203,Aviva
3204,3204,Carol
3205,3205,Georgiana
3206,3206,Isis
3207,3207,Jianna
3208,3208,Joslynn
3209,3209,Kingsley
3210,3210,Margaux
3211,3211,Mazie
3212,3212,Payten
3213,3213,Raniyah
3214,3214,Samaya
3215,3215,Zarah
3216,3216,Abdirahman
3217,3217,Faris
3218,3218,Kolt
3219,3219,Leyton
3220,3220,Pharaoh
3221,3221,Umar
3222,3222,Zephaniah
3223,3223,Aiza
3224,3224,Aleyda
3225,3225,Arleth
3226,3226,Blanca
3227,3227,Brookelynn
3228,3228,Cielo
3229,3229,Elouise
3230,3230,Emberly
3231,3231,Jalayah
3232,3232,Justyce
3233,3233,Kayli
3234,3234,Kenzley
3235,3235,Leanne
3236,3236,Makenzi
3237,3237,Mileena
3238,3238,Navy
3239,3239,Nechama
3240,3240,Nila
3241,3241,Benny
3242,3242,Clint
3243,3243,Hagen
3244,3244,Lazarus
3245,3245,Noam
3246,3246,Syncere
3247,3247,Yasir
3248,3248,Zakariya
3249,3249,Zeus
3250,3250,Ameera
3251,3251,Anisa
3252,3252,Arwen
3253,3253,Dianna
3254,3254,Edie
3255,3255,Hensley
3256,3256,Ivey
3257,3257,Kinzlee
3258,3258,Laniya
3259,3259,Magdalene
3260,3260,Marielle
3261,3261,Maryann
3262,3262,Tala
3263,3263,Taytum
3264,3264,Hiram
3265,3265,Jacen
3266,3266,Jessiah
3267,3267,Shepard
3268,3268,Yeshua
3269,3269,Abigale
3270,3270,Cori
3271,3271,Hudson
3272,3272,Jaylani
3273,3273,Jessalyn
3274,3274,Kari
3275,3275,Lucero
3276,3276,Oakleigh
3277,3277,Paizley
3278,3278,Rori
3279,3279,Xitlali
3280,3280,Akeem
3281,3281,Brandt
3282,3282,Canyon
3283,3283,Cecil
3284,3284,Dakari
3285,3285,Don
3286,3286,Ishan
3287,3287,Loki
3288,3288,Ramses
3289,3289,Ashleigh
3290,3290,Brea
3291,3291,Colleen
3292,3292,Graciela
3293,3293,Klara
3294,3294,Arham
3295,3295,Duane
3296,3296,Kadyn
3297,3297,Tyrese
3298,3298,Aleksandra
3299,3299,Aleyna
3300,3300,Ashly
3301,3301,Asiya
3302,3302,Carmela
3303,3303,Echo
3304,3304,Gentry
3305,3305,Iyla
3306,3306,Jaina
3307,3307,Kalina
3308,3308,Laiyah
3309,3309,Mariel
3310,3310,Nichole
3311,3311,Sanaya
3312,3312,Shoshana
3313,3313,Tiara
3314,3314,Viktoria
3315,3315,Antwan
3316,3316,Dashawn
3317,3317,Geovanni
3318,3318,Giuseppe
3319,3319,Jethro
3320,3320,Krew
3321,3321,Savion
3322,3322,Tegan
3323,3323,Truett
3324,3324,Zavion
3325,3325,Abygail
3326,3326,Adalia
3327,3327,Aislyn
3328,3328,Ester
3329,3329,Navya
3330,3330,Soleil
3331,3331,Vaida
3332,3332,Alexandre
3333,3333,Ansh
3334,3334,Courtney
3335,3335,Elan
3336,3336,Everest
3337,3337,Irvin
3338,3338,Javen
3339,3339,Khai
3340,3340,Marek
3341,3341,Veer
3342,3342,Armoni
3343,3343,Brittney
3344,3344,Candice
3345,3345,Cooper
3346,3346,Darby
3347,3347,Emalee
3348,3348,Kianna
3349,3349,Maelynn
3350,3350,Novah
3351,3351,Tanvi
3352,3352,Zaina
3353,3353,Amauri
3354,3354,Bronx
3355,3355,Clifton
3356,3356,Denis
3357,3357,Grayden
3358,3358,Isa
3359,3359,Jamil
3360,3360,Judd
3361,3361,Keyon
3362,3362,Korben
3363,3363,Rishaan
3364,3364,Yousif
3365,3365,Chiara
3366,3366,Cierra
3367,3367,Devin
3368,3368,Finleigh
3369,3369,Jadyn
3370,3370,Journei
3371,3371,Katia
3372,3372,Khloee
3373,3373,Kristin
3374,3374,Laylani
3375,3375,Violetta
3376,3376,Bailey
3377,3377,Cedar
3378,3378,Ely
3379,3379,Jahlil
3380,3380,Koby
3381,3381,Markel
3382,3382,Oskar
3383,3383,Rigoberto
3384,3384,Tiberius
3385,3385,Wolfgang
3386,3386,Adleigh
3387,3387,Annalisa
3388,3388,Berkeley
3389,3389,Brandi
3390,3390,Ever
3391,3391,Jaslynn
3392,3392,Kamdyn
3393,3393,Layna
3394,3394,Lois
3395,3395,Love
3396,3396,Chayce
3397,3397,Deven
3398,3398,Levon
3399,3399,Lloyd
3400,3400,Abigayle
3401,3401,Adalynne
3402,3402,Braylynn
3403,3403,Faigy
3404,3404,Fatimah
3405,3405,Jaiden
3406,3406,Khadijah
3407,3407,Loren
3408,3408,Mona
3409,3409,Niyah
3410,3410,Reya
3411,3411,Taelynn
3412,3412,Carsyn
3413,3413,Devyn
3414,3414,Dov
3415,3415,Drayden
3416,3416,Floyd
3417,3417,Fynn
3418,3418,Jaron
3419,3419,Kaius
3420,3420,Kyran
3421,3421,Laken
3422,3422,Monte
3423,3423,Stephon
3424,3424,Aleeah
3425,3425,Aleyah
3426,3426,Emberlyn
3427,3427,Emelyn
3428,3428,Hollis
3429,3429,Italia
3430,3430,Johana
3431,3431,Kaliah
3432,3432,Lynlee
3433,3433,Marisa
3434,3434,Yolanda
3435,3435,Zayda
3436,3436,Britton
3437,3437,Estevan
3438,3438,Johnnie
3439,3439,Jones
3440,3440,Khari
3441,3441,Kyrin
3442,3442,Marcelino
3443,3443,Matheo
3444,3444,Olin
3445,3445,Annmarie
3446,3446,Arayah
3447,3447,Aryah
3448,3448,Beatriz
3449,3449,Emberlynn
3450,3450,Jacelyn
3451,3451,Jamila
3452,3452,Juana
3453,3453,Mariajose
3454,3454,Maycee
3455,3455,Sandy
3456,3456,Yusra
3457,3457,Arman
3458,3458,Banks
3459,3459,Damoni
3460,3460,Dev
3461,3461,Nazir
3462,3462,Yakov
3463,3463,Aditi
3464,3464,Artemis
3465,3465,Ashlee
3466,3466,Bennett
3467,3467,Coralie
3468,3468,Elyssa
3469,3469,Jolee
3470,3470,Maelyn
3471,3471,Rocio
3472,3472,Roselynn
3473,3473,Safa
3474,3474,Shaniya
3475,3475,Sumaya
3476,3476,Tanya
3477,3477,Yael
3478,3478,Domenic
3479,3479,Fischer
3480,3480,Henley
3481,3481,Maxon
3482,3482,Morris
3483,3483,Raylen
3484,3484,Saif
3485,3485,Stryker
3486,3486,Yariel
3487,3487,Zaine
3488,3488,Abagail
3489,3489,Annalynn
3490,3490,Arie
3491,3491,Avia
3492,3492,Daleysa
3493,3493,Deasia
3494,3494,Iman
3495,3495,Jacie
3496,3496,Keeley
3497,3497,Korie
3498,3498,Kyah
3499,3499,Lettie
3500,3500,Marcela
3501,3501,Maylin
3502,3502,Memphis
3503,3503,Myka
3504,3504,Talya
3505,3505,Valencia
3506,3506,Vicky
3507,3507,Arnav
3508,3508,Austyn
3509,3509,Azriel
3510,3510,Braxten
3511,3511,Caspian
3512,3512,Damir
3513,3513,Dwight
3514,3514,Jasiel
3515,3515,Javian
3516,3516,Maddex
3517,3517,Rio
3518,3518,Yasin
3519,3519,Acacia
3520,3520,Brighton
3521,3521,Hafsa
3522,3522,Kennadi
3523,3523,Laina
3524,3524,Mackenna
3525,3525,Makinley
3526,3526,Marli
3527,3527,Oriana
3528,3528,Raelee
3529,3529,Rhyan
3530,3530,Rochel
3531,3531,Dewayne
3532,3532,Kylar
3533,3533,Mattias
3534,3534,Mickey
3535,3535,Montgomery
3536,3536,Ransom
3537,3537,Shaurya
3538,3538,Trevon
3539,3539,Vernon
3540,3540,Wilmer
3541,3541,Zakai
3542,3542,Dora
3543,3543,Gina
3544,3544,Jaycie
3545,3545,Justine
3546,3546,Kalli
3547,3547,Kiyah
3548,3548,Laikyn
3549,3549,Lanie
3550,3550,Lluvia
3551,3551,Monique
3552,3552,Paizlee
3553,3553,Rania
3554,3554,Stacey
3555,3555,Yana
3556,3556,Gareth
3557,3557,Henri
3558,3558,Ilan
3559,3559,Kace
3560,3560,Kasey
3561,3561,Kelly
3562,3562,Klayton
3563,3563,Maximillian
3564,3564,Myron
3565,3565,Terence
3566,3566,Zaidyn
3567,3567,Analeah
3568,3568,Cristal
3569,3569,Fabiola
3570,3570,Irelynn
3571,3571,Iyana
3572,3572,Marianne
3573,3573,Alexavier
3574,3574,Ambrose
3575,3575,Amias
3576,3576,Anas
3577,3577,Aryeh
3578,3578,Brigham
3579,3579,Fred
3580,3580,Irving
3581,3581,Jakobi
3582,3582,Jaquan
3583,3583,Kyng
3584,3584,Kyzer
3585,3585,Lester
3586,3586,Marko
3587,3587,Mauro
3588,3588,Niklaus
3589,3589,Osiris
3590,3590,Steele
3591,3591,Angely
3592,3592,Beckett
3593,3593,Elysia
3594,3594,Italy
3595,3595,Joan
3596,3596,Josselyn
3597,3597,Lakelyn
3598,3598,Leen
3599,3599,Lula
3600,3600,Lux
3601,3601,Makaylah
3602,3602,Malena
3603,3603,Mariya
3604,3604,Merida
3605,3605,Mirabelle
3606,3606,Trisha
3607,3607,Braulio
3608,3608,Efren
3609,3609,Eithan
3610,3610,Evander
3611,3611,Gianluca
3612,3612,Khaled
3613,3613,Luther
3614,3614,Osman
3615,3615,Aminata
3616,3616,Anylah
3617,3617,Aoife
3618,3618,Aveline
3619,3619,Dawn
3620,3620,Ela
3621,3621,Iva
3622,3622,Keely
3623,3623,Kerrigan
3624,3624,Laya
3625,3625,Raizy
3626,3626,Veronika
3627,3627,Ash
3628,3628,Beaux
3629,3629,Bjorn
3630,3630,Chester
3631,3631,Denim
3632,3632,Ender
3633,3633,Jaidyn
3634,3634,Jaleel
3635,3635,Jariel
3636,3636,Jayvon
3637,3637,Jordon
3638,3638,Jovanny
3639,3639,Korey
3640,3640,Mahdi
3641,3641,Roan
3642,3642,Ryatt
3643,3643,Theron
3644,3644,Zamari
3645,3645,Alonna
3646,3646,Ansleigh
3647,3647,Avigail
3648,3648,Dream
3649,3649,Evan
3650,3650,Ines
3651,3651,Ira
3652,3652,Kavya
3653,3653,Lane
3654,3654,Loyalty
3655,3655,Nour
3656,3656,Ripley
3657,3657,Abdulaziz
3658,3658,Azaiah
3659,3659,Bryden
3660,3660,Gentry
3661,3661,Jaysen
3662,3662,Kaisen
3663,3663,Ryden
3664,3664,Zachery
3665,3665,Aeris
3666,3666,Afton
3667,3667,Arionna
3668,3668,Brystol
3669,3669,Caelyn
3670,3670,Elli
3671,3671,Emmaleigh
3672,3672,Estela
3673,3673,Inaya
3674,3674,Irina
3675,3675,Jeanette
3676,3676,Khali
3677,3677,Liyah
3678,3678,Lynette
3679,3679,Marwa
3680,3680,Naila
3681,3681,Stefany
3682,3682,Aurelio
3683,3683,Dontae
3684,3684,Ezrah
3685,3685,Fidel
3686,3686,Heriberto
3687,3687,Hyrum
3688,3688,Shea
3689,3689,Yazan
3690,3690,Zyler
3691,3691,Allisson
3692,3692,Alyana
3693,3693,Billie
3694,3694,Caliyah
3695,3695,Dasha
3696,3696,Harleen
3697,3697,Jaidyn
3698,3698,Janelly
3699,3699,Jiya
3700,3700,Joanne
3701,3701,Joey
3702,3702,Lailani
3703,3703,Lesley
3704,3704,Maddilyn
3705,3705,Paulette
3706,3706,Roxanna
3707,3707,Sabine
3708,3708,Sydnee
3709,3709,Xochitl
3710,3710,Zarina
3711,3711,Zyla
3712,3712,Arnold
3713,3713,Kacen
3714,3714,Micaiah
3715,3715,Neel
3716,3716,Patricio
3717,3717,Tremaine
3718,3718,Zayvion
3719,3719,Amerie
3720,3720,Aura
3721,3721,Chava
3722,3722,Jaci
3723,3723,Josefina
3724,3724,Juanita
3725,3725,Kyler
3726,3726,Naia
3727,3727,Rachelle
3728,3728,Rae
3729,3729,Rylin
3730,3730,Sabina
3731,3731,Aiyden
3732,3732,Andrey
3733,3733,Arrow
3734,3734,Cam
3735,3735,Carlton
3736,3736,Donavan
3737,3737,Eliam
3738,3738,Ervin
3739,3739,Fredy
3740,3740,Kenan
3741,3741,Lyam
3742,3742,Phineas
3743,3743,Riker
3744,3744,Tariq
3745,3745,Vito
3746,3746,Analee
3747,3747,Audrie
3748,3748,Citlali
3749,3749,Dafne
3750,3750,Devorah
3751,3751,Gracen
3752,3752,Hayven
3753,3753,Jackie
3754,3754,Jacklyn
3755,3755,Kelis
3756,3756,Nikita
3757,3757,Noella
3758,3758,Rain
3759,3759,Susie
3760,3760,Taylee
3761,3761,Terra
3762,3762,Xena
3763,3763,Advik
3764,3764,Daxon
3765,3765,Eitan
3766,3766,Ethen
3767,3767,Glen
3768,3768,Ike
3769,3769,Jan
3770,3770,Jaxyn
3771,3771,Jerimiah
3772,3772,Jhett
3773,3773,Kenyon
3774,3774,Ryley
3775,3775,Sabastian
3776,3776,Amaria
3777,3777,Asma
3778,3778,Brissa
3779,3779,Diane
3780,3780,Evelin
3781,3781,Malky
3782,3782,Olyvia
3783,3783,Pippa
3784,3784,Samaria
3785,3785,Star
3786,3786,Alexandro
3787,3787,Arden
3788,3788,Bane
3789,3789,Ellison
3790,3790,Genesis
3791,3791,Izan
3792,3792,Jakub
3793,3793,Jules
3794,3794,Kirk
3795,3795,Leopold
3796,3796,Muhammed
3797,3797,Nate
3798,3798,Nikita
3799,3799,Amarah
3800,3800,Aniah
3801,3801,Brynnlee
3802,3802,Elyana
3803,3803,Isobel
3804,3804,Janyla
3805,3805,Kaira
3806,3806,Kynzlee
3807,3807,Majesty
3808,3808,Mason
3809,3809,Sanvi
3810,3810,Atharv
3811,3811,Brently
3812,3812,Caesar
3813,3813,Constantine
3814,3814,Davi
3815,3815,Elon
3816,3816,Josef
3817,3817,Kainoa
3818,3818,Lars
3819,3819,Linkin
3820,3820,Obadiah
3821,3821,Teddy
3822,3822,Adah
3823,3823,Anayeli
3824,3824,Avonlea
3825,3825,Eiza
3826,3826,Gaia
3827,3827,Jannah
3828,3828,Jannat
3829,3829,Lourdes
3830,3830,Maddox
3831,3831,Maelee
3832,3832,Rosalinda
3833,3833,Sybil
3834,3834,Hansel
3835,3835,Herman
3836,3836,Huck
3837,3837,Izaak
3838,3838,Jacques
3839,3839,Lucio
3840,3840,Remi
3841,3841,Rockwell
3842,3842,Shaan
3843,3843,Stellan
3844,3844,Adalind
3845,3845,Alli
3846,3846,Amarie
3847,3847,Aubry
3848,3848,Avamarie
3849,3849,Candace
3850,3850,Destini
3851,3851,Eleanore
3852,3852,Emrie
3853,3853,Harlem
3854,3854,Janeth
3855,3855,Jenelle
3856,3856,Katharine
3857,3857,Layne
3858,3858,Liya
3859,3859,Mayte
3860,3860,Raine
3861,3861,Zaya
3862,3862,Aaiden
3863,3863,Arya
3864,3864,Auden
3865,3865,Cristofer
3866,3866,Dan
3867,3867,Dyland
3868,3868,Jackie
3869,3869,Jencarlos
3870,3870,Jiovanni
3871,3871,Macklin
3872,3872,Shayne
3873,3873,Triton
3874,3874,Aarohi
3875,3875,Arizona
3876,3876,Baileigh
3877,3877,Bracha
3878,3878,Greer
3879,3879,Josephina
3880,3880,Kodi
3881,3881,Lilyan
3882,3882,Melania
3883,3883,Milly
3884,3884,Nyasia
3885,3885,Reilly
3886,3886,Rian
3887,3887,Selma
3888,3888,Zariya
3889,3889,Aayush
3890,3890,Angus
3891,3891,Athan
3892,3892,Gabe
3893,3893,Jelani
3894,3894,Kenzo
3895,3895,Nolen
3896,3896,Obed
3897,3897,Teo
3898,3898,Wells
3899,3899,Ameena
3900,3900,Amor
3901,3901,Annaleah
3902,3902,Ellia
3903,3903,Jalaya
3904,3904,Jennah
3905,3905,Katheryn
3906,3906,Kiya
3907,3907,Maizy
3908,3908,Maryn
3909,3909,Murphy
3910,3910,Perry
3911,3911,Rayven
3912,3912,Sheyla
3913,3913,Sol
3914,3914,Teigan
3915,3915,Zyana
3916,3916,Aspen
3917,3917,Benito
3918,3918,Brad
3919,3919,Brentlee
3920,3920,Charleston
3921,3921,Coleson
3922,3922,Deshaun
3923,3923,Graydon
3924,3924,Job
3925,3925,Kamarion
3926,3926,Ken
3927,3927,Kiaan
3928,3928,Kyden
3929,3929,Lazaro
3930,3930,Rickey
3931,3931,Shalom
3932,3932,Viraj
3933,3933,Avalee
3934,3934,Avary
3935,3935,Avaya
3936,3936,Brooklynne
3937,3937,Danae
3938,3938,Eliora
3939,3939,Haidyn
3940,3940,Hawa
3941,3941,Inaaya
3942,3942,Joann
3943,3943,Joi
3944,3944,Juno
3945,3945,Kimberlyn
3946,3946,Leora
3947,3947,Lupita
3948,3948,Makaila
3949,3949,Mari
3950,3950,Mildred
3951,3951,Odette
3952,3952,Triniti
3953,3953,Adnan
3954,3954,Avrohom
3955,3955,Canon
3956,3956,Casper
3957,3957,Hussain
3958,3958,Jeramiah
3959,3959,Lenox
3960,3960,Linden
3961,3961,Markell
3962,3962,Nehemias
3963,3963,Om
3964,3964,Rogan
3965,3965,Tyce
3966,3966,Ved
3967,3967,Xaiden
3968,3968,Agatha
3969,3969,Alaiyah
3970,3970,Alexus
3971,3971,Analeigh
3972,3972,Aven
3973,3973,Charis
3974,3974,Doris
3975,3975,Ellington
3976,3976,Fern
3977,3977,Gizelle
3978,3978,Kamiah
3979,3979,Krisha
3980,3980,Laine
3981,3981,Manha
3982,3982,Saydee
3983,3983,Sonja
3984,3984,Taniya
3985,3985,Vianney
3986,3986,Chancellor
3987,3987,Ilyas
3988,3988,Jamarcus
3989,3989,Khristian
3990,3990,Khyree
3991,3991,Mathis
3992,3992,Miguelangel
3993,3993,Adelle
3994,3994,Aja
3995,3995,Anissa
3996,3996,Annemarie
3997,3997,Aylah
3998,3998,Danni
3999,3999,Eila
4000,4000,Emeline
4001,4001,Eternity
4002,4002,Fallyn
4003,4003,Jhene
4004,4004,Kalynn
4005,4005,Kaniyah
4006,4006,Lillith
4007,4007,Mylee
4008,4008,Neva
4009,4009,Ria
4010,4010,Ryley
4011,4011,Sterling
4012,4012,Baker
4013,4013,Chayse
4014,4014,Dandre
4015,4015,Demarco
4016,4016,Demetri
4017,4017,Hamilton
4018,4018,Mylo
4019,4019,Paris
4020,4020,Reilly
4021,4021,Samarth
4022,4022,Stuart
4023,4023,Tyshawn
4024,4024,Adelia
4025,4025,Adrian
4026,4026,Alayla
4027,4027,Batsheva
4028,4028,Breelyn
4029,4029,Calli
4030,4030,Coco
4031,4031,Emalynn
4032,4032,Giulia
4033,4033,Gladys
4034,4034,Hollie
4035,4035,Jailynn
4036,4036,Jalynn
4037,4037,Jazzlynn
4038,4038,Jia
4039,4039,Kalena
4040,4040,Kambree
4041,4041,Linley
4042,4042,Loralei
4043,4043,Marlow
4044,4044,Mckinlee
4045,4045,Millicent
4046,4046,Ramsey
4047,4047,Rebel
4048,4048,Shaniyah
4049,4049,Sinai
4050,4050,Timber
4051,4051,Tracy
4052,4052,Yaiza
4053,4053,Aharon
4054,4054,Braedyn
4055,4055,Bryar
4056,4056,Callahan
4057,4057,Carsten
4058,4058,Charley
4059,4059,Colston
4060,4060,Daylan
4061,4061,Freddie
4062,4062,Jairus
4063,4063,Jaycion
4064,4064,Keshawn
4065,4065,Omarion
4066,4066,Rashawn
4067,4067,Raymundo
4068,4068,Alijah
4069,4069,Alyza
4070,4070,Anisha
4071,4071,Braylin
4072,4072,Carys
4073,4073,Christy
4074,4074,Connie
4075,4075,Daenerys
4076,4076,Delylah
4077,4077,Flor
4078,4078,Glory
4079,4079,Ilana
4080,4080,Izel
4081,4081,Janna
4082,4082,Jasleen
4083,4083,Jazmyne
4084,4084,Kamya
4085,4085,Keiry
4086,4086,Kenzleigh
4087,4087,Kinzie
4088,4088,Leylani
4089,4089,Lynn
4090,4090,Taleah
4091,4091,Tamar
4092,4092,Zayna
4093,4093,Abdullahi
4094,4094,Arion
4095,4095,Clive
4096,4096,Orrin
4097,4097,Rafe
4098,4098,Rivers
4099,4099,Said
4100,4100,Tytus
4101,4101,Aaradhya
4102,4102,Ameerah
4103,4103,Arianne
4104,4104,Avelyn
4105,4105,Charly
4106,4106,Cienna
4107,4107,Emmi
4108,4108,Jasmyn
4109,4109,Kaydance
4110,4110,Kaydee
4111,4111,Larkin
4112,4112,Leann
4113,4113,Lexington
4114,4114,Milla
4115,4115,Yatziri
4116,4116,Yazaira
4117,4117,Alister
4118,4118,Amin
4119,4119,Anish
4120,4120,Brant
4121,4121,Cai
4122,4122,Ezio
4123,4123,Jaedyn
4124,4124,Jaxston
4125,4125,Kory
4126,4126,Massiah
4127,4127,Shannon
4128,4128,Sky
4129,4129,Treyson
4130,4130,Yousuf
4131,4131,Addelynn
4132,4132,Anasofia
4133,4133,Ania
4134,4134,Anistyn
4135,4135,Annalia
4136,4136,Anvi
4137,4137,Calleigh
4138,4138,Emarie
4139,4139,Evolet
4140,4140,Hellen
4141,4141,Jaden
4142,4142,Jayne
4143,4143,Lillyan
4144,4144,Lotus
4145,4145,Marbella
4146,4146,Merritt
4147,4147,Roxy
4148,4148,Sariya
4149,4149,Sevyn
4150,4150,Taylynn
4151,4151,Theodora
4152,4152,Tilly
4153,4153,Zaida
4154,4154,Boyd
4155,4155,Deonte
4156,4156,Jaydin
4157,4157,Kairo
4158,4158,Keoni
4159,4159,Kipton
4160,4160,Morrison
4161,4161,Neo
4162,4162,Ocean
4163,4163,Rick
4164,4164,Teegan
4165,4165,Tristyn
4166,4166,Alyce
4167,4167,Aribella
4168,4168,Brigid
4169,4169,Bryce
4170,4170,Debora
4171,4171,Goldie
4172,4172,Kaylene
4173,4173,Mahogany
4174,4174,Mallorie
4175,4175,Marguerite
4176,4176,Mayla
4177,4177,Susannah
4178,4178,Toby
4179,4179,Tristan
4180,4180,Abe
4181,4181,Adin
4182,4182,Aizen
4183,4183,Brayton
4184,4184,Cadence
4185,4185,Desean
4186,4186,Jahir
4187,4187,Jakhi
4188,4188,Jaxin
4189,4189,Kysen
4190,4190,Luc
4191,4191,Marlin
4192,4192,Masyn
4193,4193,Raylon
4194,4194,Sire
4195,4195,Ainslee
4196,4196,Allegra
4197,4197,Ani
4198,4198,Antoinette
4199,4199,Avni
4200,4200,Britton
4201,4201,Corina
4202,4202,Divine
4203,4203,Joana
4204,4204,Kelsi
4205,4205,Linden
4206,4206,Lottie
4207,4207,Lucianna
4208,4208,Mindy
4209,4209,Priscila
4210,4210,Raylin
4211,4211,Ruhi
4212,4212,Samaira
4213,4213,Shaelyn
4214,4214,Shaina
4215,4215,Skarlett
4216,4216,Swara
4217,4217,Zooey
4218,4218,Aahil
4219,4219,Amani
4220,4220,Amen
4221,4221,Anay
4222,4222,Arvin
4223,4223,Blayne
4224,4224,Braelyn
4225,4225,Bryton
4226,4226,Calder
4227,4227,Darrius
4228,4228,Donnell
4229,4229,Geoffrey
4230,4230,Herbert
4231,4231,Jacari
4232,4232,Kadence
4233,4233,Kaedyn
4234,4234,Karam
4235,4235,Kylin
4236,4236,Mohamad
4237,4237,Nathen
4238,4238,Orin
4239,4239,Sameer
4240,4240,Warner
4241,4241,Yonatan
4242,4242,Zade
4243,4243,Ainara
4244,4244,Amiracle
4245,4245,Angelie
4246,4246,Annalyse
4247,4247,Anslee
4248,4248,Asiyah
4249,4249,Brianne
4250,4250,Brynnley
4251,4251,Devon
4252,4252,Ericka
4253,4253,Kalyn
4254,4254,Kenslee
4255,4255,Kristine
4256,4256,Lael
4257,4257,Laynie
4258,4258,Maizie
4259,4259,Marlo
4260,4260,Noelani
4261,4261,Pauline
4262,4262,Philomena
4263,4263,Rilyn
4264,4264,Rivky
4265,4265,Sahasra
4266,4266,Sherry
4267,4267,Suzanne
4268,4268,Ayman
4269,4269,Blaize
4270,4270,Coltyn
4271,4271,Cylas
4272,4272,Gerson
4273,4273,Hadi
4274,4274,Kurtis
4275,4275,Malikai
4276,4276,Marion
4277,4277,Nicolai
4278,4278,Olivier
4279,4279,Payson
4280,4280,Raleigh
4281,4281,Saad
4282,4282,Talan
4283,4283,Valor
4284,4284,Westen
4285,4285,Adelynne
4286,4286,Aisley
4287,4287,Arantxa
4288,4288,Avaleigh
4289,4289,Brookelyn
4290,4290,Chanelle
4291,4291,Christianna
4292,4292,Edna
4293,4293,Elisheva
4294,4294,Emaan
4295,4295,Felicia
4296,4296,Giulianna
4297,4297,Harlyn
4298,4298,Jayleigh
4299,4299,Kaileigh
4300,4300,Kylynn
4301,4301,Landyn
4302,4302,Malinda
4303,4303,Norma
4304,4304,Preslie
4305,4305,Romy
4306,4306,Savana
4307,4307,Shyann
4308,4308,Storm
4309,4309,Yuri
4310,4310,Zakiyah
4311,4311,Agastya
4312,4312,Arius
4313,4313,Ayush
4314,4314,Caeden
4315,4315,Edmond
4316,4316,Hampton
4317,4317,Ibraheem
4318,4318,Jayveon
4319,4319,Jed
4320,4320,Kellin
4321,4321,Knowledge
4322,4322,Kollin
4323,4323,Michelangelo
4324,4324,Rhyder
4325,4325,Sanjay
4326,4326,Tenzin
4327,4327,Wendell
4328,4328,Zakary
4329,4329,Alexi
4330,4330,Alona
4331,4331,Anaiya
4332,4332,Anaiyah
4333,4333,Briseida
4334,4334,Dasia
4335,4335,Draya
4336,4336,Emmarose
4337,4337,Gema
4338,4338,Hadassa
4339,4339,Jacelynn
4340,4340,Jayna
4341,4341,Jensen
4342,4342,Josey
4343,4343,Kenzington
4344,4344,Lilyanne
4345,4345,Liyana
4346,4346,Misha
4347,4347,Odessa
4348,4348,Skylin
4349,4349,Theia
4350,4350,Vianey
4351,4351,Yadira
4352,4352,Ammon
4353,4353,Andrei
4354,4354,Augustin
4355,4355,Breck
4356,4356,Calum
4357,4357,Chayton
4358,4358,Conley
4359,4359,Damani
4360,4360,Dmitri
4361,4361,Eliott
4362,4362,Filip
4363,4363,Finnigan
4364,4364,Giorgio
4365,4365,Isidro
4366,4366,Jaheim
4367,4367,Jaxsyn
4368,4368,Konrad
4369,4369,Landan
4370,4370,Omer
4371,4371,Renzo
4372,4372,Taha
4373,4373,Treyvon
4374,4374,Tyrus
4375,4375,Witten
4376,4376,Yusef
4377,4377,Acelynn
4378,4378,Adara
4379,4379,Aliviah
4380,4380,Anderson
4381,4381,Asher
4382,4382,Avyanna
4383,4383,Azlynn
4384,4384,Berlin
4385,4385,Cayleigh
4386,4386,Evalina
4387,4387,Illiana
4388,4388,Jaslene
4389,4389,Jennie
4390,4390,Johannah
4391,4391,Kahlan
4392,4392,Kassie
4393,4393,Kenadee
4394,4394,Khylee
4395,4395,Klaire
4396,4396,Lyrik
4397,4397,Nirvana
4398,4398,Rahma
4399,4399,Randi
4400,4400,Shira
4401,4401,Abbas
4402,4402,Ayub
4403,4403,Barron
4404,4404,Bradlee
4405,4405,Cartier
4406,4406,Eben
4407,4407,Evin
4408,4408,Flint
4409,4409,Hiro
4410,4410,Isael
4411,4411,Jaiceon
4412,4412,Jarrod
4413,4413,Jaziah
4414,4414,Johnson
4415,4415,Juancarlos
4416,4416,Juanpablo
4417,4417,Kharter
4418,4418,Masiah
4419,4419,Oziel
4420,4420,Sahil
4421,4421,Shayan
4422,4422,Tre
4423,4423,Tytan
4424,4424,West
4425,4425,Wylie
4426,4426,Zacharias
4427,4427,Zen
4428,4428,Adlee
4429,4429,Adria
4430,4430,Anja
4431,4431,Berklee
4432,4432,Blakeley
4433,4433,Coralee
4434,4434,Dakotah
4435,4435,Fatoumata
4436,4436,Halima
4437,4437,Indiana
4438,4438,Jamia
4439,4439,Jovi
4440,4440,Kennady
4441,4441,Kirra
4442,4442,Layah
4443,4443,Magaly
4444,4444,Mayar
4445,4445,Naiya
4446,4446,Naveah
4447,4447,Pia
4448,4448,Shaila
4449,4449,Shriya
4450,4450,Starr
4451,4451,Zipporah
4452,4452,Ashtyn
4453,4453,Ciaran
4454,4454,Davonte
4455,4455,Dyson
4456,4456,Elyjah
4457,4457,Fitzgerald
4458,4458,Gregorio
4459,4459,Indiana
4460,4460,Jakoby
4461,4461,Kavin
4462,4462,Layden
4463,4463,Leander
4464,4464,Mckinley
4465,4465,Mendel
4466,4466,Shiv
4467,4467,Sylvester
4468,4468,Syrus
4469,4469,Willis
4470,4470,Xavion
4471,4471,Zymir
4472,4472,Aaralyn
4473,4473,Aashvi
4474,4474,Abella
4475,4475,Abriana
4476,4476,Amyiah
4477,4477,Analiyah
4478,4478,Anastacia
4479,4479,Annalie
4480,4480,Annalyn
4481,4481,Brinkley
4482,4482,Easton
4483,4483,Eliyah
4484,4484,Haiden
4485,4485,Ily
4486,4486,Ivie
4487,4487,Janai
4488,4488,Janely
4489,4489,Jesslyn
4490,4490,Kyara
4491,4491,Lexy
4492,4492,Leyna
4493,4493,Maple
4494,4494,Marlena
4495,4495,Meara
4496,4496,Rylei
4497,4497,Saira
4498,4498,Saya
4499,4499,Skyy
4500,4500,Yocheved
4501,4501,Ashwin
4502,4502,Avian
4503,4503,Deklyn
4504,4504,Dempsey
4505,4505,Gavriel
4506,4506,Gracen
4507,4507,Khamari
4508,4508,Lemuel
4509,4509,Madison
4510,4510,Mahmoud
4511,4511,Malek
4512,4512,Meyer
4513,4513,Rudra
4514,4514,Sunny
4515,4515,Tracy
4516,4516,Zavian
4517,4517,Aleen
4518,4518,Aleeyah
4519,4519,Alysson
4520,4520,Ariannah
4521,4521,Ayden
4522,4522,Brook
4523,4523,Brynna
4524,4524,Cerenity
4525,4525,Ellyana
4526,4526,Emmersyn
4527,4527,Ensley
4528,4528,Karely
4529,4529,Kim
4530,4530,Kolbie
4531,4531,Kyrah
4532,4532,Leana
4533,4533,Mabry
4534,4534,Maleigha
4535,4535,Miller
4536,4536,Ravyn
4537,4537,Ridley
4538,4538,Ryanne
4539,4539,Sabella
4540,4540,Serene
4541,4541,Simran
4542,4542,Abiel
4543,4543,Aj
4544,4544,Coleton
4545,4545,Gadiel
4546,4546,Jadyn
4547,4547,Jeff
4548,4548,Joseluis
4549,4549,Karas
4550,4550,Kayne
4551,4551,Loren
4552,4552,Marquez
4553,4553,Merritt
4554,4554,Montana
4555,4555,Oden
4556,4556,Ren
4557,4557,Roscoe
4558,4558,Zach
4559,4559,Aalayah
4560,4560,Adella
4561,4561,Baylie
4562,4562,Bethel
4563,4563,Briseyda
4564,4564,Caitlynn
4565,4565,Collette
4566,4566,Desire
4567,4567,Grey
4568,4568,Isa
4569,4569,Isela
4570,4570,Ivette
4571,4571,Janaya
4572,4572,Jariyah
4573,4573,Jordana
4574,4574,Julieth
4575,4575,Keagan
4576,4576,Lexus
4577,4577,Lilli
4578,4578,Meagan
4579,4579,Nava
4580,4580,Nilah
4581,4581,Royale
4582,4582,Sequoia
4583,4583,Sullivan
4584,4584,Tillie
4585,4585,Tova
4586,4586,Venus
4587,4587,Yanely
4588,4588,Beckam
4589,4589,Blair
4590,4590,Darin
4591,4591,Darion
4592,4592,Dixon
4593,4593,Everardo
4594,4594,Jimmie
4595,4595,Jovany
4596,4596,Karsten
4597,4597,Kasyn
4598,4598,Kekoa
4599,4599,Osmar
4600,4600,Ozzy
4601,4601,Patton
4602,4602,Shia
4603,4603,Tru
4604,4604,Tye
4605,4605,Tylen
4606,4606,Zayan
4607,4607,Zylen
4608,4608,Amaryllis
4609,4609,Aniylah
4610,4610,Becca
4611,4611,Carrington
4612,4612,Daliyah
4613,4613,Emilyn
4614,4614,Emsley
4615,4615,Eowyn
4616,4616,Gianni
4617,4617,Haya
4618,4618,Isley
4619,4619,Jamiah
4620,4620,Jenevieve
4621,4621,Jesiah
4622,4622,Kaily
4623,4623,Laurie
4624,4624,Maddisyn
4625,4625,Mandy
4626,4626,Meah
4627,4627,Nadya
4628,4628,Nataleigh
4629,4629,Paxton
4630,4630,Prudence
4631,4631,Rosabella
4632,4632,Rosario
4633,4633,Sade
4634,4634,Sedona
4635,4635,Zakiya
4636,4636,Ahmari
4637,4637,Akiva
4638,4638,Antwon
4639,4639,Breckin
4640,4640,Camari
4641,4641,Crue
4642,4642,Devante
4643,4643,Jeter
4644,4644,Kaydon
4645,4645,Loyal
4646,4646,Sultan
4647,4647,Taylen
4648,4648,Virgil
4649,4649,Yehoshua
4650,4650,Zeppelin
4651,4651,Abilene
4652,4652,Adia
4653,4653,Aly
4654,4654,Arissa
4655,4655,Blakelee
4656,4656,Briseis
4657,4657,Cailey
4658,4658,Chesney
4659,4659,Daniyah
4660,4660,Emmylou
4661,4661,Finlee
4662,4662,Ginger
4663,4663,Ilyana
4664,4664,Izabela
4665,4665,Jaime
4666,4666,Jalissa
4667,4667,Kaiyah
4668,4668,Kezia
4669,4669,Kylin
4670,4670,Kynnedi
4671,4671,Lovely
4672,4672,Maira
4673,4673,Melisa
4674,4674,Minnie
4675,4675,Niah
4676,4676,Nika
4677,4677,Payson
4678,4678,Rikki
4679,4679,Safiya
4680,4680,Tanner
4681,4681,Tayler
4682,4682,Vanellope
4683,4683,Yehudis
4684,4684,Yulianna
4685,4685,Baxter
4686,4686,Braedon
4687,4687,Deklin
4688,4688,Deontae
4689,4689,Fahad
4690,4690,Jacobo
4691,4691,Jafet
4692,4692,Jaylan
4693,4693,Jonatan
4694,4694,Kolbe
4695,4695,Krishna
4696,4696,Maceo
4697,4697,Manny
4698,4698,Manolo
4699,4699,Reyes
4700,4700,Richie
4701,4701,Salomon
4702,4702,Sulaiman
4703,4703,Adalyne
4704,4704,Alea
4705,4705,Analy
4706,4706,Anvika
4707,4707,Azalia
4708,4708,Aziyah
4709,4709,Bobbi
4710,4710,Brilee
4711,4711,Camellia
4712,4712,Damiyah
4713,4713,Elowyn
4714,4714,Elyza
4715,4715,Irma
4716,4716,Issabella
4717,4717,Jean
4718,4718,Kamaria
4719,4719,Kensie
4720,4720,Keyli
4721,4721,Khaliyah
4722,4722,Kristiana
4723,4723,Lenore
4724,4724,Liz
4725,4725,Luca
4726,4726,Melanny
4727,4727,Polina
4728,4728,Sakura
4729,4729,Story
4730,4730,Xyla
4731,4731,Yasmina
4732,4732,Zaniah
4733,4733,Anirudh
4734,4734,Croix
4735,4735,Cutter
4736,4736,Dayson
4737,4737,Eivin
4738,4738,Gene
4739,4739,Hashim
4740,4740,Holt
4741,4741,Jaren
4742,4742,Jermiah
4743,4743,Kadin
4744,4744,Kage
4745,4745,Lex
4746,4746,Maxson
4747,4747,Nevin
4748,4748,Osiel
4749,4749,Tayson
4750,4750,Tom
4751,4751,Travon
4752,4752,Yohan
4753,4753,Zyion
4754,4754,Adrianne
4755,4755,Alaynah
4756,4756,Amna
4757,4757,Auria
4758,4758,Dawson
4759,4759,Dayanara
4760,4760,Elani
4761,4761,Emmanuella
4762,4762,Emmery
4763,4763,Empress
4764,4764,Eris
4765,4765,Isra
4766,4766,Jailyne
4767,4767,Jariah
4768,4768,Joselin
4769,4769,Jules
4770,4770,Justina
4771,4771,Kameryn
4772,4772,Karol
4773,4773,Kymber
4774,4774,Lani
4775,4775,Maliha
4776,4776,Marigold
4777,4777,Marla
4778,4778,Reva
4779,4779,Rosanna
4780,4780,Tyra
4781,4781,Uma
4782,4782,Zoee
4783,4783,Akhil
4784,4784,Amadeus
4785,4785,Aram
4786,4786,Asael
4787,4787,Brooklyn
4788,4788,Carmello
4789,4789,Dallin
4790,4790,Deanthony
4791,4791,Eian
4792,4792,Eshan
4793,4793,Eyad
4794,4794,Faisal
4795,4795,Hosea
4796,4796,Journey
4797,4797,Kenai
4798,4798,Koltyn
4799,4799,Lenin
4800,4800,Marshal
4801,4801,Paulo
4802,4802,Radley
4803,4803,Raghav
4804,4804,Riggs
4805,4805,Scout
4806,4806,Seven
4807,4807,Simcha
4808,4808,Willem
4809,4809,Wynn
4810,4810,Alexandrea
4811,4811,Annsley
4812,4812,Aries
4813,4813,Asa
4814,4814,Blakelyn
4815,4815,Brandy
4816,4816,Chelsie
4817,4817,Citlaly
4818,4818,Daelyn
4819,4819,Delila
4820,4820,Destiney
4821,4821,Emaline
4822,4822,Huda
4823,4823,Irelyn
4824,4824,Jazleen
4825,4825,Joseline
4826,4826,Kaiden
4827,4827,Kalliope
4828,4828,Kynsley
4829,4829,Mattison
4830,4830,Ocean
4831,4831,Solana
4832,4832,Stormie
4833,4833,Aziel
4834,4834,Braylan
4835,4835,Brylan
4836,4836,Cru
4837,4837,Cruze
4838,4838,Eastyn
4839,4839,Eros
4840,4840,Genaro
4841,4841,Hernan
4842,4842,Kalen
4843,4843,Kaydin
4844,4844,Kevon
4845,4845,Landin
4846,4846,Orson
4847,4847,Rush
4848,4848,Shlok
4849,4849,Wren
4850,4850,Yechiel
4851,4851,Aaliya
4852,4852,Adamaris
4853,4853,Alynna
4854,4854,Anali
4855,4855,Analisa
4856,4856,Angelia
4857,4857,Aralynn
4858,4858,Azlyn
4859,4859,Brileigh
4860,4860,Brilynn
4861,4861,Caia
4862,4862,Cathy
4863,4863,Dara
4864,4864,Edyn
4865,4865,Emmalin
4866,4866,Emree
4867,4867,Gracey
4868,4868,Harlynn
4869,4869,Harmonee
4870,4870,Ileana
4871,4871,Iona
4872,4872,Jayce
4873,4873,Jesse
4874,4874,Kailah
4875,4875,Katana
4876,4876,Kenadie
4877,4877,Lamya
4878,4878,Laynee
4879,4879,Lillee
4880,4880,Makiya
4881,4881,Makyla
4882,4882,Marilynn
4883,4883,Nahomy
4884,4884,Naomy
4885,4885,Nariyah
4886,4886,Neve
4887,4887,Scotlyn
4888,4888,Yitty
4889,4889,Ysabella
4890,4890,Zamiyah
4891,4891,Zaylah
4892,4892,Adonai
4893,4893,Ayansh
4894,4894,Aylan
4895,4895,Brennon
4896,4896,Dave
4897,4897,Finlay
4898,4898,Guadalupe
4899,4899,Hendrik
4900,4900,Jamaal
4901,4901,Jeronimo
4902,4902,Klay
4903,4903,Lake
4904,4904,Oswaldo
4905,4905,Reggie
4906,4906,Rehan
4907,4907,Yash
4908,4908,Zyair
4909,4909,Adamari
4910,4910,Ahana
4911,4911,Aizah
4912,4912,Aleia
4913,4913,Alliyah
4914,4914,Andromeda
4915,4915,Avayah
4916,4916,Ayelen
4917,4917,Birdie
4918,4918,Brie
4919,4919,Bryana
4920,4920,Cathryn
4921,4921,Devora
4922,4922,Francis
4923,4923,Jaela
4924,4924,Josette
4925,4925,Karson
4926,4926,Kenadi
4927,4927,Lavinia
4928,4928,Liesel
4929,4929,Luci
4930,4930,Malorie
4931,4931,Manuela
4932,4932,Melannie
4933,4933,Rena
4934,4934,Rina
4935,4935,Rya
4936,4936,Sury
4937,4937,Therese
4938,4938,Tirzah
4939,4939,Wyatt
4940,4940,Abhiram
4941,4941,Adryan
4942,4942,Armin
4943,4943,Azrael
4944,4944,Bradford
4945,4945,Cree
4946,4946,Elio
4947,4947,Esai
4948,4948,Everette
4949,4949,Jeancarlos
4950,4950,Kahlil
4951,4951,Kendric
4952,4952,Mamadou
4953,4953,Marques
4954,4954,Mykel
4955,4955,Parth
4956,4956,Pax
4957,4957,Riyan
4958,4958,Robbie
4959,4959,Storm
4960,4960,Treyton
4961,4961,Zac
4962,4962,Ambar
4963,4963,Ameya
4964,4964,Auden
4965,4965,Brynlie
4966,4966,Catarina
4967,4967,Chase
4968,4968,Chevy
4969,4969,Citlalli
4970,4970,Crimson
4971,4971,Daniya
4972,4972,Denali
4973,4973,Elizabella
4974,4974,Emberlee
4975,4975,Eviana
4976,4976,Giulietta
4977,4977,Haisley
4978,4978,Jaydah
4979,4979,Kaylei
4980,4980,Kiah
4981,4981,Kimberlee
4982,4982,Landrie
4983,4983,Lillia
4984,4984,Lyanna
4985,4985,Lynnlee
4986,4986,Macyn
4987,4987,Malaika
4988,4988,Marlen
4989,4989,Maycie
4990,4990,Paetyn
4991,4991,Sama
4992,4992,Saraya
4993,4993,Shaindy
4994,4994,Vania
4995,4995,Zahraa
4996,4996,Aariz
4997,4997,Ahaan
4998,4998,Alekzander
4999,4999,Arie
5000,5000,Asaiah
5100,5100,ali
627,627,Ali
2328,2328,Ali
21,21,Matthew
44,44,Christopher
209,209,Madeline
364,364,Beau
393,393,Beckett
417,417,Michelle
483,483,Georgia
509,509,Fernando
551,551,Brynn
552,552,Karson
674,674,Lia
830,830,Jaxton
838,838,Braden
970,970,Kasen
971,971,Benson
1011,1011,Malakai
1031,1031,Helena
1034,1034,Imani
1067,1067,Henley
1126,1126,Isaias
1196,1196,Mitchell
1201,1201,Cannon
1225,1225,Emory
1323,1323,Neil
1343,1343,Sloan
1355,1355,Jaylene
1358,1358,Averi
1366,1366,Jaxen
1389,1389,Harley
1427,1427,Kristian
1454,1454,Jazlynn
1458,1458,Rosie
1512,1512,Julieta
1537,1537,Tomas
1547,1547,Zaniyah
1565,1565,Xzavier
1582,1582,Remy
1591,1591,Yamileth
1618,1618,Zackary
1626,1626,Zaria
1641,1641,Yareli
1658,1658,Jordynn
1673,1673,Zion
1703,1703,Maliah
1713,1713,Enoch
1752,1752,Ellison
1758,1758,Blaise
1775,1775,Natalee
1789,1789,Terrence
1801,1801,Taya
1812,1812,Kase
1814,1814,Van
1818,1818,Sonny
1836,1836,Camdyn
1840,1840,Mollie
1866,1866,India
1893,1893,Alyvia
1961,1961,Lyric
1966,1966,August
1984,1984,Coen
1987,1987,Thatcher
2049,2049,Tess
2074,2074,Adilene
2122,2122,Cristopher
2128,2128,Addelyn
2144,2144,Bodie
2158,2158,Winnie
2163,2163,Yahya
2177,2177,Lillyana
2203,2203,Kinzley
2209,2209,Leroy
2224,2224,Bexley
2233,2233,Taj
2246,2246,Sanaa
2250,2250,Teagan
2253,2253,Denver
2296,2296,Brisa
2301,2301,Zamir
2315,2315,Jamar
2327,2327,Mccoy
2330,2330,Nalani
2356,2356,Meera
2372,2372,Kinleigh
2378,2378,Karsen
2388,2388,Irie
2423,2423,Tamara
2428,2428,Brinlee
2449,2449,Aidyn
2471,2471,Nigel
2475,2475,Farah
2499,2499,Colson
2545,2545,Lian
2641,2641,Kamari
2663,2663,Leticia
2667,2667,Sanai
2690,2690,Guy
2717,2717,Lakyn
2725,2725,Abbygail
2750,2750,Zyon
2753,2753,Elana
2757,2757,Lela
2758,2758,Marion
2766,2766,Amyra
2770,2770,Eunice
2802,2802,Salman
2822,2822,Colter
2825,2825,Nikola
2836,2836,Cale
2840,2840,Abriella
2845,2845,Peighton
2855,2855,Kaci
2878,2878,Tahj
2894,2894,Hussein
2917,2917,Karoline
2976,2976,Sia
2979,2979,Adyson
3006,3006,Zia
3010,3010,Jael
3024,3024,Renesmee
3038,3038,Kathy
3048,3048,Massimo
3056,3056,Isha
3060,3060,Montana
3096,3096,Caysen
3097,3097,Deion
3108,3108,Jordin
3141,3141,Hans
3208,3208,Joslynn
3219,3219,Leyton
3234,3234,Kenzley
3257,3257,Kinzlee
3273,3273,Jessalyn
3278,3278,Rori
3279,3279,Xitlali
3294,3294,Arham
3308,3308,Laiyah
3314,3314,Viktoria
3339,3339,Khai
3347,3347,Emalee
3350,3350,Novah
3378,3378,Ely
3396,3396,Chayce
3405,3405,Jaiden
3417,3417,Fynn
3459,3459,Damoni
3464,3464,Artemis
3498,3498,Kyah
3528,3528,Raelee
3553,3553,Rania
3569,3569,Fabiola
3579,3579,Fred
3591,3591,Angely
3604,3604,Merida
3619,3619,Dawn
3629,3629,Bjorn
3636,3636,Jayvon
3648,3648,Dream
3677,3677,Liyah
3680,3680,Naila
3694,3694,Caliyah
3709,3709,Xochitl
3713,3713,Kacen
3756,3756,Nikita
3778,3778,Brissa
3794,3794,Kirk
3796,3796,Muhammed
3828,3828,Jannat
3851,3851,Eleanore
3880,3880,Kodi
3899,3899,Ameena
3912,3912,Sheyla
3921,3921,Coleson
3939,3939,Haidyn
3946,3946,Leora
3982,3982,Saydee
3990,3990,Khyree
3992,3992,Miguelangel
4009,4009,Ria
4010,4010,Ryley
4017,4017,Hamilton
4019,4019,Paris
4036,4036,Jalynn
4082,4082,Jasleen
4086,4086,Kenzleigh
4103,4103,Arianne
4105,4105,Charly
4109,4109,Kaydance
4121,4121,Cai
4127,4127,Shannon
4128,4128,Sky
4137,4137,Calleigh
4143,4143,Lillyan
4151,4151,Theodora
4153,4153,Zaida
4171,4171,Goldie
4176,4176,Mayla
4198,4198,Antoinette
4231,4231,Jacari
4247,4247,Anslee
4279,4279,Payson
4293,4293,Elisheva
4323,4323,Michelangelo
4329,4329,Alexi
4397,4397,Nirvana
4423,4423,Tytan
4459,4459,Indiana
4460,4460,Jakoby
4492,4492,Leyna
4529,4529,Kim
4549,4549,Karas
4551,4551,Loren
4553,4553,Merritt
4556,4556,Ren
4574,4574,Julieth
4610,4610,Becca
4647,4647,Taylen
4652,4652,Adia
4662,4662,Ginger
4701,4701,Salomon
4707,4707,Azalia
4708,4708,Aziyah
4769,4769,Jules
4788,4788,Carmello
4801,4801,Paulo
4816,4816,Chelsie
4926,4926,Kenadi
4931,4931,Manuela
4963,4963,Ameya
4964,4964,Auden
4981,4981,Kimberlee
4982,4982,Landrie
4986,4986,Macyn
20180286,20180286,omar
